,prefcode,prefname,citycode,cityname,address
0,1,北海道,1101,中央区,北海道札幌市中央区
1,1,北海道,1102,北区,北海道札幌市北区
2,1,北海道,1103,東区,北海道札幌市東区
3,1,北海道,1104,白石区,北海道札幌市白石区
4,1,北海道,1105,豊平区,北海道札幌市豊平区
5,1,北海道,1106,南区,北海道札幌市南区
6,1,北海道,1107,西区,北海道札幌市西区
7,1,北海道,1108,厚別区,北海道札幌市厚別区
8,1,北海道,1109,手稲区,北海道札幌市手稲区
9,1,北海道,1110,清田区,北海道札幌市清田区
10,1,北海道,1202,函館市,北海道函館市
11,1,北海道,1203,小樽市,北海道小樽市
12,1,北海道,1204,旭川市,北海道旭川市
13,1,北海道,1205,室蘭市,北海道室蘭市
14,1,北海道,1206,釧路市,北海道釧路市
15,1,北海道,1207,帯広市,北海道帯広市
16,1,北海道,1208,北見市,北海道北見市
17,1,北海道,1209,夕張市,北海道夕張市
18,1,北海道,1210,岩見沢市,北海道岩見沢市
19,1,北海道,1211,網走市,北海道網走市
20,1,北海道,1212,留萌市,北海道留萌市
21,1,北海道,1213,苫小牧市,北海道苫小牧市
22,1,北海道,1214,稚内市,北海道稚内市
23,1,北海道,1215,美唄市,北海道美唄市
24,1,北海道,1216,芦別市,北海道芦別市
25,1,北海道,1217,江別市,北海道江別市
26,1,北海道,1218,赤平市,北海道赤平市
27,1,北海道,1219,紋別市,北海道紋別市
28,1,北海道,1220,士別市,北海道士別市
29,1,北海道,1221,名寄市,北海道名寄市
30,1,北海道,1222,三笠市,北海道三笠市
31,1,北海道,1223,根室市,北海道根室市
32,1,北海道,1224,千歳市,北海道千歳市
33,1,北海道,1225,滝川市,北海道滝川市
34,1,北海道,1226,砂川市,北海道砂川市
35,1,北海道,1227,歌志内市,北海道歌志内市
36,1,北海道,1228,深川市,北海道深川市
37,1,北海道,1229,富良野市,北海道富良野市
38,1,北海道,1230,登別市,北海道登別市
39,1,北海道,1231,恵庭市,北海道恵庭市
40,1,北海道,1233,伊達市,北海道伊達市
41,1,北海道,1234,北広島市,北海道北広島市
42,1,北海道,1235,石狩市,北海道石狩市
43,1,北海道,1236,北斗市,北海道北斗市
44,1,北海道,1303,当別町,北海道石狩郡当別町
45,1,北海道,1304,新篠津村,北海道石狩郡新篠津村
46,1,北海道,1331,松前町,北海道松前郡松前町
47,1,北海道,1332,福島町,北海道松前郡福島町
48,1,北海道,1333,知内町,北海道上磯郡知内町
49,1,北海道,1334,木古内町,北海道上磯郡木古内町
50,1,北海道,1337,七飯町,北海道亀田郡七飯町
51,1,北海道,1343,鹿部町,北海道茅部郡鹿部町
52,1,北海道,1345,森町,北海道茅部郡森町
53,1,北海道,1346,八雲町,北海道二海郡八雲町
54,1,北海道,1347,長万部町,北海道山越郡長万部町
55,1,北海道,1361,江差町,北海道檜山郡江差町
56,1,北海道,1362,上ノ国町,北海道檜山郡上ノ国町
57,1,北海道,1363,厚沢部町,北海道檜山郡厚沢部町
58,1,北海道,1364,乙部町,北海道爾志郡乙部町
59,1,北海道,1367,奥尻町,北海道奥尻郡奥尻町
60,1,北海道,1370,今金町,北海道瀬棚郡今金町
61,1,北海道,1371,せたな町,北海道久遠郡せたな町
62,1,北海道,1391,島牧村,北海道島牧郡島牧村
63,1,北海道,1392,寿都町,北海道寿都郡寿都町
64,1,北海道,1393,黒松内町,北海道寿都郡黒松内町
65,1,北海道,1394,蘭越町,北海道磯谷郡蘭越町
66,1,北海道,1395,ニセコ町,北海道虻田郡ニセコ町
67,1,北海道,1396,真狩村,北海道虻田郡真狩村
68,1,北海道,1397,留寿都村,北海道虻田郡留寿都村
69,1,北海道,1398,喜茂別町,北海道虻田郡喜茂別町
70,1,北海道,1399,京極町,北海道虻田郡京極町
71,1,北海道,1400,倶知安町,北海道虻田郡倶知安町
72,1,北海道,1401,共和町,北海道岩内郡共和町
73,1,北海道,1402,岩内町,北海道岩内郡岩内町
74,1,北海道,1403,泊村,北海道古宇郡泊村
75,1,北海道,1404,神恵内村,北海道古宇郡神恵内村
76,1,北海道,1405,積丹町,北海道積丹郡積丹町
77,1,北海道,1406,古平町,北海道古平郡古平町
78,1,北海道,1407,仁木町,北海道余市郡仁木町
79,1,北海道,1408,余市町,北海道余市郡余市町
80,1,北海道,1409,赤井川村,北海道余市郡赤井川村
81,1,北海道,1423,南幌町,北海道空知郡南幌町
82,1,北海道,1424,奈井江町,北海道空知郡奈井江町
83,1,北海道,1425,上砂川町,北海道空知郡上砂川町
84,1,北海道,1427,由仁町,北海道夕張郡由仁町
85,1,北海道,1428,長沼町,北海道夕張郡長沼町
86,1,北海道,1429,栗山町,北海道夕張郡栗山町
87,1,北海道,1430,月形町,北海道樺戸郡月形町
88,1,北海道,1431,浦臼町,北海道樺戸郡浦臼町
89,1,北海道,1432,新十津川町,北海道樺戸郡新十津川町
90,1,北海道,1433,妹背牛町,北海道雨竜郡妹背牛町
91,1,北海道,1434,秩父別町,北海道雨竜郡秩父別町
92,1,北海道,1436,雨竜町,北海道雨竜郡雨竜町
93,1,北海道,1437,北竜町,北海道雨竜郡北竜町
94,1,北海道,1438,沼田町,北海道雨竜郡沼田町
95,1,北海道,1452,鷹栖町,北海道上川郡鷹栖町
96,1,北海道,1453,東神楽町,北海道上川郡東神楽町
97,1,北海道,1454,当麻町,北海道上川郡当麻町
98,1,北海道,1455,比布町,北海道上川郡比布町
99,1,北海道,1456,愛別町,北海道上川郡愛別町
100,1,北海道,1457,上川町,北海道上川郡上川町
101,1,北海道,1458,東川町,北海道上川郡東川町
102,1,北海道,1459,美瑛町,北海道上川郡美瑛町
103,1,北海道,1460,上富良野町,北海道空知郡上富良野町
104,1,北海道,1461,中富良野町,北海道空知郡中富良野町
105,1,北海道,1462,南富良野町,北海道空知郡南富良野町
106,1,北海道,1463,占冠村,北海道勇払郡占冠村
107,1,北海道,1464,和寒町,北海道上川郡和寒町
108,1,北海道,1465,剣淵町,北海道上川郡剣淵町
109,1,北海道,1468,下川町,北海道上川郡下川町
110,1,北海道,1469,美深町,北海道中川郡美深町
111,1,北海道,1470,音威子府村,北海道中川郡音威子府村
112,1,北海道,1471,中川町,北海道中川郡中川町
113,1,北海道,1472,幌加内町,北海道雨竜郡幌加内町
114,1,北海道,1481,増毛町,北海道増毛郡増毛町
115,1,北海道,1482,小平町,北海道留萌郡小平町
116,1,北海道,1483,苫前町,北海道苫前郡苫前町
117,1,北海道,1484,羽幌町,北海道苫前郡羽幌町
118,1,北海道,1485,初山別村,北海道苫前郡初山別村
119,1,北海道,1486,遠別町,北海道天塩郡遠別町
120,1,北海道,1487,天塩町,北海道天塩郡天塩町
121,1,北海道,1511,猿払村,北海道宗谷郡猿払村
122,1,北海道,1512,浜頓別町,北海道枝幸郡浜頓別町
123,1,北海道,1513,中頓別町,北海道枝幸郡中頓別町
124,1,北海道,1514,枝幸町,北海道枝幸郡枝幸町
125,1,北海道,1516,豊富町,北海道天塩郡豊富町
126,1,北海道,1517,礼文町,北海道礼文郡礼文町
127,1,北海道,1518,利尻町,北海道利尻郡利尻町
128,1,北海道,1519,利尻富士町,北海道利尻郡利尻富士町
129,1,北海道,1520,幌延町,北海道天塩郡幌延町
130,1,北海道,1543,美幌町,北海道網走郡美幌町
131,1,北海道,1544,津別町,北海道網走郡津別町
132,1,北海道,1545,斜里町,北海道斜里郡斜里町
133,1,北海道,1546,清里町,北海道斜里郡清里町
134,1,北海道,1547,小清水町,北海道斜里郡小清水町
135,1,北海道,1549,訓子府町,北海道常呂郡訓子府町
136,1,北海道,1550,置戸町,北海道常呂郡置戸町
137,1,北海道,1552,佐呂間町,北海道常呂郡佐呂間町
138,1,北海道,1555,遠軽町,北海道紋別郡遠軽町
139,1,北海道,1559,湧別町,北海道紋別郡湧別町
140,1,北海道,1560,滝上町,北海道紋別郡滝上町
141,1,北海道,1561,興部町,北海道紋別郡興部町
142,1,北海道,1562,西興部村,北海道紋別郡西興部村
143,1,北海道,1563,雄武町,北海道紋別郡雄武町
144,1,北海道,1564,大空町,北海道網走郡大空町
145,1,北海道,1571,豊浦町,北海道虻田郡豊浦町
146,1,北海道,1575,壮瞥町,北海道有珠郡壮瞥町
147,1,北海道,1578,白老町,北海道白老郡白老町
148,1,北海道,1581,厚真町,北海道勇払郡厚真町
149,1,北海道,1584,洞爺湖町,北海道虻田郡洞爺湖町
150,1,北海道,1585,安平町,北海道勇払郡安平町
151,1,北海道,1586,むかわ町,北海道勇払郡むかわ町
152,1,北海道,1601,日高町,北海道沙流郡日高町
153,1,北海道,1602,平取町,北海道沙流郡平取町
154,1,北海道,1604,新冠町,北海道新冠郡新冠町
155,1,北海道,1607,浦河町,北海道浦河郡浦河町
156,1,北海道,1608,様似町,北海道様似郡様似町
157,1,北海道,1609,えりも町,北海道幌泉郡えりも町
158,1,北海道,1610,新ひだか町,北海道日高郡新ひだか町
159,1,北海道,1631,音更町,北海道河東郡音更町
160,1,北海道,1632,士幌町,北海道河東郡士幌町
161,1,北海道,1633,上士幌町,北海道河東郡上士幌町
162,1,北海道,1634,鹿追町,北海道河東郡鹿追町
163,1,北海道,1635,新得町,北海道上川郡新得町
164,1,北海道,1636,清水町,北海道上川郡清水町
165,1,北海道,1637,芽室町,北海道河西郡芽室町
166,1,北海道,1638,中札内村,北海道河西郡中札内村
167,1,北海道,1639,更別村,北海道河西郡更別村
168,1,北海道,1641,大樹町,北海道広尾郡大樹町
169,1,北海道,1642,広尾町,北海道広尾郡広尾町
170,1,北海道,1643,幕別町,北海道中川郡幕別町
171,1,北海道,1644,池田町,北海道中川郡池田町
172,1,北海道,1645,豊頃町,北海道中川郡豊頃町
173,1,北海道,1646,本別町,北海道中川郡本別町
174,1,北海道,1647,足寄町,北海道足寄郡足寄町
175,1,北海道,1648,陸別町,北海道足寄郡陸別町
176,1,北海道,1649,浦幌町,北海道十勝郡浦幌町
177,1,北海道,1661,釧路町,北海道釧路郡釧路町
178,1,北海道,1662,厚岸町,北海道厚岸郡厚岸町
179,1,北海道,1663,浜中町,北海道厚岸郡浜中町
180,1,北海道,1664,標茶町,北海道川上郡標茶町
181,1,北海道,1665,弟子屈町,北海道川上郡弟子屈町
182,1,北海道,1667,鶴居村,北海道阿寒郡鶴居村
183,1,北海道,1668,白糠町,北海道白糠郡白糠町
184,1,北海道,1691,別海町,北海道野付郡別海町
185,1,北海道,1692,中標津町,北海道標津郡中標津町
186,1,北海道,1693,標津町,北海道標津郡標津町
187,1,北海道,1694,羅臼町,北海道目梨郡羅臼町
188,2,青森県,2201,青森市,青森県青森市
189,2,青森県,2202,弘前市,青森県弘前市
190,2,青森県,2203,八戸市,青森県八戸市
191,2,青森県,2204,黒石市,青森県黒石市
192,2,青森県,2205,五所川原市,青森県五所川原市
193,2,青森県,2206,十和田市,青森県十和田市
194,2,青森県,2207,三沢市,青森県三沢市
195,2,青森県,2208,むつ市,青森県むつ市
196,2,青森県,2209,つがる市,青森県つがる市
197,2,青森県,2210,平川市,青森県平川市
198,2,青森県,2301,平内町,青森県東津軽郡平内町
199,2,青森県,2303,今別町,青森県東津軽郡今別町
200,2,青森県,2304,蓬田村,青森県東津軽郡蓬田村
201,2,青森県,2307,外ヶ浜町,青森県東津軽郡外ヶ浜町
202,2,青森県,2321,鰺ヶ沢町,青森県西津軽郡鰺ヶ沢町
203,2,青森県,2323,深浦町,青森県西津軽郡深浦町
204,2,青森県,2343,西目屋村,青森県中津軽郡西目屋村
205,2,青森県,2361,藤崎町,青森県南津軽郡藤崎町
206,2,青森県,2362,大鰐町,青森県南津軽郡大鰐町
207,2,青森県,2367,田舎館村,青森県南津軽郡田舎館村
208,2,青森県,2381,板柳町,青森県北津軽郡板柳町
209,2,青森県,2384,鶴田町,青森県北津軽郡鶴田町
210,2,青森県,2387,中泊町,青森県北津軽郡中泊町
211,2,青森県,2401,野辺地町,青森県上北郡野辺地町
212,2,青森県,2402,七戸町,青森県上北郡七戸町
213,2,青森県,2405,六戸町,青森県上北郡六戸町
214,2,青森県,2406,横浜町,青森県上北郡横浜町
215,2,青森県,2408,東北町,青森県上北郡東北町
216,2,青森県,2411,六ヶ所村,青森県上北郡六ヶ所村
217,2,青森県,2412,おいらせ町,青森県上北郡おいらせ町
218,2,青森県,2423,大間町,青森県下北郡大間町
219,2,青森県,2424,東通村,青森県下北郡東通村
220,2,青森県,2425,風間浦村,青森県下北郡風間浦村
221,2,青森県,2426,佐井村,青森県下北郡佐井村
222,2,青森県,2441,三戸町,青森県三戸郡三戸町
223,2,青森県,2442,五戸町,青森県三戸郡五戸町
224,2,青森県,2443,田子町,青森県三戸郡田子町
225,2,青森県,2445,南部町,青森県三戸郡南部町
226,2,青森県,2446,階上町,青森県三戸郡階上町
227,2,青森県,2450,新郷村,青森県三戸郡新郷村
228,3,岩手県,3201,盛岡市,岩手県盛岡市
229,3,岩手県,3202,宮古市,岩手県宮古市
230,3,岩手県,3203,大船渡市,岩手県大船渡市
231,3,岩手県,3205,花巻市,岩手県花巻市
232,3,岩手県,3206,北上市,岩手県北上市
233,3,岩手県,3207,久慈市,岩手県久慈市
234,3,岩手県,3208,遠野市,岩手県遠野市
235,3,岩手県,3209,一関市,岩手県一関市
236,3,岩手県,3210,陸前高田市,岩手県陸前高田市
237,3,岩手県,3211,釜石市,岩手県釜石市
238,3,岩手県,3213,二戸市,岩手県二戸市
239,3,岩手県,3214,八幡平市,岩手県八幡平市
240,3,岩手県,3215,奥州市,岩手県奥州市
241,3,岩手県,3216,滝沢市,岩手県滝沢市
242,3,岩手県,3301,雫石町,岩手県岩手郡雫石町
243,3,岩手県,3302,葛巻町,岩手県岩手郡葛巻町
244,3,岩手県,3303,岩手町,岩手県岩手郡岩手町
245,3,岩手県,3321,紫波町,岩手県紫波郡紫波町
246,3,岩手県,3322,矢巾町,岩手県紫波郡矢巾町
247,3,岩手県,3366,西和賀町,岩手県和賀郡西和賀町
248,3,岩手県,3381,金ケ崎町,岩手県胆沢郡金ケ崎町
249,3,岩手県,3402,平泉町,岩手県西磐井郡平泉町
250,3,岩手県,3441,住田町,岩手県気仙郡住田町
251,3,岩手県,3461,大槌町,岩手県上閉伊郡大槌町
252,3,岩手県,3482,山田町,岩手県下閉伊郡山田町
253,3,岩手県,3483,岩泉町,岩手県下閉伊郡岩泉町
254,3,岩手県,3484,田野畑村,岩手県下閉伊郡田野畑村
255,3,岩手県,3485,普代村,岩手県下閉伊郡普代村
256,3,岩手県,3501,軽米町,岩手県九戸郡軽米町
257,3,岩手県,3503,野田村,岩手県九戸郡野田村
258,3,岩手県,3506,九戸村,岩手県九戸郡九戸村
259,3,岩手県,3507,洋野町,岩手県九戸郡洋野町
260,3,岩手県,3524,一戸町,岩手県二戸郡一戸町
261,4,宮城県,4101,青葉区,宮城県仙台市青葉区
262,4,宮城県,4102,宮城野区,宮城県仙台市宮城野区
263,4,宮城県,4103,若林区,宮城県仙台市若林区
264,4,宮城県,4104,太白区,宮城県仙台市太白区
265,4,宮城県,4105,泉区,宮城県仙台市泉区
266,4,宮城県,4202,石巻市,宮城県石巻市
267,4,宮城県,4203,塩竈市,宮城県塩竈市
268,4,宮城県,4205,気仙沼市,宮城県気仙沼市
269,4,宮城県,4206,白石市,宮城県白石市
270,4,宮城県,4207,名取市,宮城県名取市
271,4,宮城県,4208,角田市,宮城県角田市
272,4,宮城県,4209,多賀城市,宮城県多賀城市
273,4,宮城県,4211,岩沼市,宮城県岩沼市
274,4,宮城県,4212,登米市,宮城県登米市
275,4,宮城県,4213,栗原市,宮城県栗原市
276,4,宮城県,4214,東松島市,宮城県東松島市
277,4,宮城県,4215,大崎市,宮城県大崎市
278,4,宮城県,4216,富谷市,宮城県富谷市
279,4,宮城県,4301,蔵王町,宮城県刈田郡蔵王町
280,4,宮城県,4302,七ヶ宿町,宮城県刈田郡七ヶ宿町
281,4,宮城県,4321,大河原町,宮城県柴田郡大河原町
282,4,宮城県,4322,村田町,宮城県柴田郡村田町
283,4,宮城県,4323,柴田町,宮城県柴田郡柴田町
284,4,宮城県,4324,川崎町,宮城県柴田郡川崎町
285,4,宮城県,4341,丸森町,宮城県伊具郡丸森町
286,4,宮城県,4361,亘理町,宮城県亘理郡亘理町
287,4,宮城県,4362,山元町,宮城県亘理郡山元町
288,4,宮城県,4401,松島町,宮城県宮城郡松島町
289,4,宮城県,4404,七ヶ浜町,宮城県宮城郡七ヶ浜町
290,4,宮城県,4406,利府町,宮城県宮城郡利府町
291,4,宮城県,4421,大和町,宮城県黒川郡大和町
292,4,宮城県,4422,大郷町,宮城県黒川郡大郷町
293,4,宮城県,4423,富谷町,宮城県黒川郡富谷町
294,4,宮城県,4424,大衡村,宮城県黒川郡大衡村
295,4,宮城県,4444,色麻町,宮城県加美郡色麻町
296,4,宮城県,4445,加美町,宮城県加美郡加美町
297,4,宮城県,4501,涌谷町,宮城県遠田郡涌谷町
298,4,宮城県,4505,美里町,宮城県遠田郡美里町
299,4,宮城県,4581,女川町,宮城県牡鹿郡女川町
300,4,宮城県,4606,南三陸町,宮城県本吉郡南三陸町
301,5,秋田県,5201,秋田市,秋田県秋田市
302,5,秋田県,5202,能代市,秋田県能代市
303,5,秋田県,5203,横手市,秋田県横手市
304,5,秋田県,5204,大館市,秋田県大館市
305,5,秋田県,5206,男鹿市,秋田県男鹿市
306,5,秋田県,5207,湯沢市,秋田県湯沢市
307,5,秋田県,5209,鹿角市,秋田県鹿角市
308,5,秋田県,5210,由利本荘市,秋田県由利本荘市
309,5,秋田県,5211,潟上市,秋田県潟上市
310,5,秋田県,5212,大仙市,秋田県大仙市
311,5,秋田県,5213,北秋田市,秋田県北秋田市
312,5,秋田県,5214,にかほ市,秋田県にかほ市
313,5,秋田県,5215,仙北市,秋田県仙北市
314,5,秋田県,5303,小坂町,秋田県鹿角郡小坂町
315,5,秋田県,5327,上小阿仁村,秋田県北秋田郡上小阿仁村
316,5,秋田県,5346,藤里町,秋田県山本郡藤里町
317,5,秋田県,5348,三種町,秋田県山本郡三種町
318,5,秋田県,5349,八峰町,秋田県山本郡八峰町
319,5,秋田県,5361,五城目町,秋田県南秋田郡五城目町
320,5,秋田県,5363,八郎潟町,秋田県南秋田郡八郎潟町
321,5,秋田県,5366,井川町,秋田県南秋田郡井川町
322,5,秋田県,5368,大潟村,秋田県南秋田郡大潟村
323,5,秋田県,5434,美郷町,秋田県仙北郡美郷町
324,5,秋田県,5463,羽後町,秋田県雄勝郡羽後町
325,5,秋田県,5464,東成瀬村,秋田県雄勝郡東成瀬村
326,6,山形県,6201,山形市,山形県山形市
327,6,山形県,6202,米沢市,山形県米沢市
328,6,山形県,6203,鶴岡市,山形県鶴岡市
329,6,山形県,6204,酒田市,山形県酒田市
330,6,山形県,6205,新庄市,山形県新庄市
331,6,山形県,6206,寒河江市,山形県寒河江市
332,6,山形県,6207,上山市,山形県上山市
333,6,山形県,6208,村山市,山形県村山市
334,6,山形県,6209,長井市,山形県長井市
335,6,山形県,6210,天童市,山形県天童市
336,6,山形県,6211,東根市,山形県東根市
337,6,山形県,6212,尾花沢市,山形県尾花沢市
338,6,山形県,6213,南陽市,山形県南陽市
339,6,山形県,6301,山辺町,山形県東村山郡山辺町
340,6,山形県,6302,中山町,山形県東村山郡中山町
341,6,山形県,6321,河北町,山形県西村山郡河北町
342,6,山形県,6322,西川町,山形県西村山郡西川町
343,6,山形県,6323,朝日町,山形県西村山郡朝日町
344,6,山形県,6324,大江町,山形県西村山郡大江町
345,6,山形県,6341,大石田町,山形県北村山郡大石田町
346,6,山形県,6361,金山町,山形県最上郡金山町
347,6,山形県,6362,最上町,山形県最上郡最上町
348,6,山形県,6363,舟形町,山形県最上郡舟形町
349,6,山形県,6364,真室川町,山形県最上郡真室川町
350,6,山形県,6365,大蔵村,山形県最上郡大蔵村
351,6,山形県,6366,鮭川村,山形県最上郡鮭川村
352,6,山形県,6367,戸沢村,山形県最上郡戸沢村
353,6,山形県,6381,高畠町,山形県東置賜郡高畠町
354,6,山形県,6382,川西町,山形県東置賜郡川西町
355,6,山形県,6401,小国町,山形県西置賜郡小国町
356,6,山形県,6402,白鷹町,山形県西置賜郡白鷹町
357,6,山形県,6403,飯豊町,山形県西置賜郡飯豊町
358,6,山形県,6426,三川町,山形県東田川郡三川町
359,6,山形県,6428,庄内町,山形県東田川郡庄内町
360,6,山形県,6461,遊佐町,山形県飽海郡遊佐町
361,7,福島県,7201,福島市,福島県福島市
362,7,福島県,7202,会津若松市,福島県会津若松市
363,7,福島県,7203,郡山市,福島県郡山市
364,7,福島県,7204,いわき市,福島県いわき市
365,7,福島県,7205,白河市,福島県白河市
366,7,福島県,7207,須賀川市,福島県須賀川市
367,7,福島県,7208,喜多方市,福島県喜多方市
368,7,福島県,7209,相馬市,福島県相馬市
369,7,福島県,7210,二本松市,福島県二本松市
370,7,福島県,7211,田村市,福島県田村市
371,7,福島県,7212,南相馬市,福島県南相馬市
372,7,福島県,7213,伊達市,福島県伊達市
373,7,福島県,7214,本宮市,福島県本宮市
374,7,福島県,7301,桑折町,福島県伊達郡桑折町
375,7,福島県,7303,国見町,福島県伊達郡国見町
376,7,福島県,7308,川俣町,福島県伊達郡川俣町
377,7,福島県,7322,大玉村,福島県安達郡大玉村
378,7,福島県,7342,鏡石町,福島県岩瀬郡鏡石町
379,7,福島県,7344,天栄村,福島県岩瀬郡天栄村
380,7,福島県,7362,下郷町,福島県南会津郡下郷町
381,7,福島県,7364,檜枝岐村,福島県南会津郡檜枝岐村
382,7,福島県,7367,只見町,福島県南会津郡只見町
383,7,福島県,7368,南会津町,福島県南会津郡南会津町
384,7,福島県,7402,北塩原村,福島県耶麻郡北塩原村
385,7,福島県,7405,西会津町,福島県耶麻郡西会津町
386,7,福島県,7407,磐梯町,福島県耶麻郡磐梯町
387,7,福島県,7408,猪苗代町,福島県耶麻郡猪苗代町
388,7,福島県,7421,会津坂下町,福島県河沼郡会津坂下町
389,7,福島県,7422,湯川村,福島県河沼郡湯川村
390,7,福島県,7423,柳津町,福島県河沼郡柳津町
391,7,福島県,7444,三島町,福島県大沼郡三島町
392,7,福島県,7445,金山町,福島県大沼郡金山町
393,7,福島県,7446,昭和村,福島県大沼郡昭和村
394,7,福島県,7447,会津美里町,福島県大沼郡会津美里町
395,7,福島県,7461,西郷村,福島県西白河郡西郷村
396,7,福島県,7464,泉崎村,福島県西白河郡泉崎村
397,7,福島県,7465,中島村,福島県西白河郡中島村
398,7,福島県,7466,矢吹町,福島県西白河郡矢吹町
399,7,福島県,7481,棚倉町,福島県東白川郡棚倉町
400,7,福島県,7482,矢祭町,福島県東白川郡矢祭町
401,7,福島県,7483,塙町,福島県東白川郡塙町
402,7,福島県,7484,鮫川村,福島県東白川郡鮫川村
403,7,福島県,7501,石川町,福島県石川郡石川町
404,7,福島県,7502,玉川村,福島県石川郡玉川村
405,7,福島県,7503,平田村,福島県石川郡平田村
406,7,福島県,7504,浅川町,福島県石川郡浅川町
407,7,福島県,7505,古殿町,福島県石川郡古殿町
408,7,福島県,7521,三春町,福島県田村郡三春町
409,7,福島県,7522,小野町,福島県田村郡小野町
410,7,福島県,7541,広野町,福島県双葉郡広野町
411,7,福島県,7542,楢葉町,福島県双葉郡楢葉町
412,7,福島県,7543,富岡町,福島県双葉郡富岡町
413,7,福島県,7544,川内村,福島県双葉郡川内村
414,7,福島県,7545,大熊町,福島県双葉郡大熊町
415,7,福島県,7546,双葉町,福島県双葉郡双葉町
416,7,福島県,7547,浪江町,福島県双葉郡浪江町
417,7,福島県,7548,葛尾村,福島県双葉郡葛尾村
418,7,福島県,7561,新地町,福島県相馬郡新地町
419,7,福島県,7564,飯舘村,福島県相馬郡飯舘村
420,8,茨城県,8201,水戸市,茨城県水戸市
421,8,茨城県,8202,日立市,茨城県日立市
422,8,茨城県,8203,土浦市,茨城県土浦市
423,8,茨城県,8204,古河市,茨城県古河市
424,8,茨城県,8205,石岡市,茨城県石岡市
425,8,茨城県,8207,結城市,茨城県結城市
426,8,茨城県,8208,龍ケ崎市,茨城県龍ケ崎市
427,8,茨城県,8210,下妻市,茨城県下妻市
428,8,茨城県,8211,常総市,茨城県常総市
429,8,茨城県,8212,常陸太田市,茨城県常陸太田市
430,8,茨城県,8214,高萩市,茨城県高萩市
431,8,茨城県,8215,北茨城市,茨城県北茨城市
432,8,茨城県,8216,笠間市,茨城県笠間市
433,8,茨城県,8217,取手市,茨城県取手市
434,8,茨城県,8219,牛久市,茨城県牛久市
435,8,茨城県,8220,つくば市,茨城県つくば市
436,8,茨城県,8221,ひたちなか市,茨城県ひたちなか市
437,8,茨城県,8222,鹿嶋市,茨城県鹿嶋市
438,8,茨城県,8223,潮来市,茨城県潮来市
439,8,茨城県,8224,守谷市,茨城県守谷市
440,8,茨城県,8225,常陸大宮市,茨城県常陸大宮市
441,8,茨城県,8226,那珂市,茨城県那珂市
442,8,茨城県,8227,筑西市,茨城県筑西市
443,8,茨城県,8228,坂東市,茨城県坂東市
444,8,茨城県,8229,稲敷市,茨城県稲敷市
445,8,茨城県,8230,かすみがうら市,茨城県かすみがうら市
446,8,茨城県,8231,桜川市,茨城県桜川市
447,8,茨城県,8232,神栖市,茨城県神栖市
448,8,茨城県,8233,行方市,茨城県行方市
449,8,茨城県,8234,鉾田市,茨城県鉾田市
450,8,茨城県,8235,つくばみらい市,茨城県つくばみらい市
451,8,茨城県,8236,小美玉市,茨城県小美玉市
452,8,茨城県,8302,茨城町,茨城県東茨城郡茨城町
453,8,茨城県,8309,大洗町,茨城県東茨城郡大洗町
454,8,茨城県,8310,城里町,茨城県東茨城郡城里町
455,8,茨城県,8341,東海村,茨城県那珂郡東海村
456,8,茨城県,8364,大子町,茨城県久慈郡大子町
457,8,茨城県,8442,美浦村,茨城県稲敷郡美浦村
458,8,茨城県,8443,阿見町,茨城県稲敷郡阿見町
459,8,茨城県,8447,河内町,茨城県稲敷郡河内町
460,8,茨城県,8521,八千代町,茨城県結城郡八千代町
461,8,茨城県,8542,五霞町,茨城県猿島郡五霞町
462,8,茨城県,8546,境町,茨城県猿島郡境町
463,8,茨城県,8564,利根町,茨城県北相馬郡利根町
464,9,栃木県,9201,宇都宮市,栃木県宇都宮市
465,9,栃木県,9202,足利市,栃木県足利市
466,9,栃木県,9203,栃木市,栃木県栃木市
467,9,栃木県,9204,佐野市,栃木県佐野市
468,9,栃木県,9205,鹿沼市,栃木県鹿沼市
469,9,栃木県,9206,日光市,栃木県日光市
470,9,栃木県,9208,小山市,栃木県小山市
471,9,栃木県,9209,真岡市,栃木県真岡市
472,9,栃木県,9210,大田原市,栃木県大田原市
473,9,栃木県,9211,矢板市,栃木県矢板市
474,9,栃木県,9213,那須塩原市,栃木県那須塩原市
475,9,栃木県,9214,さくら市,栃木県さくら市
476,9,栃木県,9215,那須烏山市,栃木県那須烏山市
477,9,栃木県,9216,下野市,栃木県下野市
478,9,栃木県,9301,上三川町,栃木県河内郡上三川町
479,9,栃木県,9342,益子町,栃木県芳賀郡益子町
480,9,栃木県,9343,茂木町,栃木県芳賀郡茂木町
481,9,栃木県,9344,市貝町,栃木県芳賀郡市貝町
482,9,栃木県,9345,芳賀町,栃木県芳賀郡芳賀町
483,9,栃木県,9361,壬生町,栃木県下都賀郡壬生町
484,9,栃木県,9364,野木町,栃木県下都賀郡野木町
485,9,栃木県,9384,塩谷町,栃木県塩谷郡塩谷町
486,9,栃木県,9386,高根沢町,栃木県塩谷郡高根沢町
487,9,栃木県,9407,那須町,栃木県那須郡那須町
488,9,栃木県,9411,那珂川町,栃木県那須郡那珂川町
489,10,群馬県,10201,前橋市,群馬県前橋市
490,10,群馬県,10202,高崎市,群馬県高崎市
491,10,群馬県,10203,桐生市,群馬県桐生市
492,10,群馬県,10204,伊勢崎市,群馬県伊勢崎市
493,10,群馬県,10205,太田市,群馬県太田市
494,10,群馬県,10206,沼田市,群馬県沼田市
495,10,群馬県,10207,館林市,群馬県館林市
496,10,群馬県,10208,渋川市,群馬県渋川市
497,10,群馬県,10209,藤岡市,群馬県藤岡市
498,10,群馬県,10210,富岡市,群馬県富岡市
499,10,群馬県,10211,安中市,群馬県安中市
500,10,群馬県,10212,みどり市,群馬県みどり市
501,10,群馬県,10344,榛東村,群馬県北群馬郡榛東村
502,10,群馬県,10345,吉岡町,群馬県北群馬郡吉岡町
503,10,群馬県,10366,上野村,群馬県多野郡上野村
504,10,群馬県,10367,神流町,群馬県多野郡神流町
505,10,群馬県,10382,下仁田町,群馬県甘楽郡下仁田町
506,10,群馬県,10383,南牧村,群馬県甘楽郡南牧村
507,10,群馬県,10384,甘楽町,群馬県甘楽郡甘楽町
508,10,群馬県,10421,中之条町,群馬県吾妻郡中之条町
509,10,群馬県,10424,長野原町,群馬県吾妻郡長野原町
510,10,群馬県,10425,嬬恋村,群馬県吾妻郡嬬恋村
511,10,群馬県,10426,草津町,群馬県吾妻郡草津町
512,10,群馬県,10428,高山村,群馬県吾妻郡高山村
513,10,群馬県,10429,東吾妻町,群馬県吾妻郡東吾妻町
514,10,群馬県,10443,片品村,群馬県利根郡片品村
515,10,群馬県,10444,川場村,群馬県利根郡川場村
516,10,群馬県,10448,昭和村,群馬県利根郡昭和村
517,10,群馬県,10449,みなかみ町,群馬県利根郡みなかみ町
518,10,群馬県,10464,玉村町,群馬県佐波郡玉村町
519,10,群馬県,10521,板倉町,群馬県邑楽郡板倉町
520,10,群馬県,10522,明和町,群馬県邑楽郡明和町
521,10,群馬県,10523,千代田町,群馬県邑楽郡千代田町
522,10,群馬県,10524,大泉町,群馬県邑楽郡大泉町
523,10,群馬県,10525,邑楽町,群馬県邑楽郡邑楽町
524,11,埼玉県,11101,西区,埼玉県さいたま市西区
525,11,埼玉県,11102,北区,埼玉県さいたま市北区
526,11,埼玉県,11103,大宮区,埼玉県さいたま市大宮区
527,11,埼玉県,11104,見沼区,埼玉県さいたま市見沼区
528,11,埼玉県,11105,中央区,埼玉県さいたま市中央区
529,11,埼玉県,11106,桜区,埼玉県さいたま市桜区
530,11,埼玉県,11107,浦和区,埼玉県さいたま市浦和区
531,11,埼玉県,11108,南区,埼玉県さいたま市南区
532,11,埼玉県,11109,緑区,埼玉県さいたま市緑区
533,11,埼玉県,11110,岩槻区,埼玉県さいたま市岩槻区
534,11,埼玉県,11201,川越市,埼玉県川越市
535,11,埼玉県,11202,熊谷市,埼玉県熊谷市
536,11,埼玉県,11203,川口市,埼玉県川口市
537,11,埼玉県,11206,行田市,埼玉県行田市
538,11,埼玉県,11207,秩父市,埼玉県秩父市
539,11,埼玉県,11208,所沢市,埼玉県所沢市
540,11,埼玉県,11209,飯能市,埼玉県飯能市
541,11,埼玉県,11210,加須市,埼玉県加須市
542,11,埼玉県,11211,本庄市,埼玉県本庄市
543,11,埼玉県,11212,東松山市,埼玉県東松山市
544,11,埼玉県,11214,春日部市,埼玉県春日部市
545,11,埼玉県,11215,狭山市,埼玉県狭山市
546,11,埼玉県,11216,羽生市,埼玉県羽生市
547,11,埼玉県,11217,鴻巣市,埼玉県鴻巣市
548,11,埼玉県,11218,深谷市,埼玉県深谷市
549,11,埼玉県,11219,上尾市,埼玉県上尾市
550,11,埼玉県,11221,草加市,埼玉県草加市
551,11,埼玉県,11222,越谷市,埼玉県越谷市
552,11,埼玉県,11223,蕨市,埼玉県蕨市
553,11,埼玉県,11224,戸田市,埼玉県戸田市
554,11,埼玉県,11225,入間市,埼玉県入間市
555,11,埼玉県,11227,朝霞市,埼玉県朝霞市
556,11,埼玉県,11228,志木市,埼玉県志木市
557,11,埼玉県,11229,和光市,埼玉県和光市
558,11,埼玉県,11230,新座市,埼玉県新座市
559,11,埼玉県,11231,桶川市,埼玉県桶川市
560,11,埼玉県,11232,久喜市,埼玉県久喜市
561,11,埼玉県,11233,北本市,埼玉県北本市
562,11,埼玉県,11234,八潮市,埼玉県八潮市
563,11,埼玉県,11235,富士見市,埼玉県富士見市
564,11,埼玉県,11237,三郷市,埼玉県三郷市
565,11,埼玉県,11238,蓮田市,埼玉県蓮田市
566,11,埼玉県,11239,坂戸市,埼玉県坂戸市
567,11,埼玉県,11240,幸手市,埼玉県幸手市
568,11,埼玉県,11241,鶴ヶ島市,埼玉県鶴ヶ島市
569,11,埼玉県,11242,日高市,埼玉県日高市
570,11,埼玉県,11243,吉川市,埼玉県吉川市
571,11,埼玉県,11245,ふじみ野市,埼玉県ふじみ野市
572,11,埼玉県,11246,白岡市,埼玉県白岡市
573,11,埼玉県,11301,伊奈町,埼玉県北足立郡伊奈町
574,11,埼玉県,11324,三芳町,埼玉県入間郡三芳町
575,11,埼玉県,11326,毛呂山町,埼玉県入間郡毛呂山町
576,11,埼玉県,11327,越生町,埼玉県入間郡越生町
577,11,埼玉県,11341,滑川町,埼玉県比企郡滑川町
578,11,埼玉県,11342,嵐山町,埼玉県比企郡嵐山町
579,11,埼玉県,11343,小川町,埼玉県比企郡小川町
580,11,埼玉県,11346,川島町,埼玉県比企郡川島町
581,11,埼玉県,11347,吉見町,埼玉県比企郡吉見町
582,11,埼玉県,11348,鳩山町,埼玉県比企郡鳩山町
583,11,埼玉県,11349,ときがわ町,埼玉県比企郡ときがわ町
584,11,埼玉県,11361,横瀬町,埼玉県秩父郡横瀬町
585,11,埼玉県,11362,皆野町,埼玉県秩父郡皆野町
586,11,埼玉県,11363,長瀞町,埼玉県秩父郡長瀞町
587,11,埼玉県,11365,小鹿野町,埼玉県秩父郡小鹿野町
588,11,埼玉県,11369,東秩父村,埼玉県秩父郡東秩父村
589,11,埼玉県,11381,美里町,埼玉県児玉郡美里町
590,11,埼玉県,11383,神川町,埼玉県児玉郡神川町
591,11,埼玉県,11385,上里町,埼玉県児玉郡上里町
592,11,埼玉県,11408,寄居町,埼玉県大里郡寄居町
593,11,埼玉県,11442,宮代町,埼玉県南埼玉郡宮代町
594,11,埼玉県,11464,杉戸町,埼玉県北葛飾郡杉戸町
595,11,埼玉県,11465,松伏町,埼玉県北葛飾郡松伏町
596,12,千葉県,12101,中央区,千葉県千葉市中央区
597,12,千葉県,12102,花見川区,千葉県千葉市花見川区
598,12,千葉県,12103,稲毛区,千葉県千葉市稲毛区
599,12,千葉県,12104,若葉区,千葉県千葉市若葉区
600,12,千葉県,12105,緑区,千葉県千葉市緑区
601,12,千葉県,12106,美浜区,千葉県千葉市美浜区
602,12,千葉県,12202,銚子市,千葉県銚子市
603,12,千葉県,12203,市川市,千葉県市川市
604,12,千葉県,12204,船橋市,千葉県船橋市
605,12,千葉県,12205,館山市,千葉県館山市
606,12,千葉県,12206,木更津市,千葉県木更津市
607,12,千葉県,12207,松戸市,千葉県松戸市
608,12,千葉県,12208,野田市,千葉県野田市
609,12,千葉県,12210,茂原市,千葉県茂原市
610,12,千葉県,12211,成田市,千葉県成田市
611,12,千葉県,12212,佐倉市,千葉県佐倉市
612,12,千葉県,12213,東金市,千葉県東金市
613,12,千葉県,12215,旭市,千葉県旭市
614,12,千葉県,12216,習志野市,千葉県習志野市
615,12,千葉県,12217,柏市,千葉県柏市
616,12,千葉県,12218,勝浦市,千葉県勝浦市
617,12,千葉県,12219,市原市,千葉県市原市
618,12,千葉県,12220,流山市,千葉県流山市
619,12,千葉県,12221,八千代市,千葉県八千代市
620,12,千葉県,12222,我孫子市,千葉県我孫子市
621,12,千葉県,12223,鴨川市,千葉県鴨川市
622,12,千葉県,12224,鎌ケ谷市,千葉県鎌ケ谷市
623,12,千葉県,12225,君津市,千葉県君津市
624,12,千葉県,12226,富津市,千葉県富津市
625,12,千葉県,12227,浦安市,千葉県浦安市
626,12,千葉県,12228,四街道市,千葉県四街道市
627,12,千葉県,12229,袖ケ浦市,千葉県袖ケ浦市
628,12,千葉県,12230,八街市,千葉県八街市
629,12,千葉県,12231,印西市,千葉県印西市
630,12,千葉県,12232,白井市,千葉県白井市
631,12,千葉県,12233,富里市,千葉県富里市
632,12,千葉県,12234,南房総市,千葉県南房総市
633,12,千葉県,12235,匝瑳市,千葉県匝瑳市
634,12,千葉県,12236,香取市,千葉県香取市
635,12,千葉県,12237,山武市,千葉県山武市
636,12,千葉県,12238,いすみ市,千葉県いすみ市
637,12,千葉県,12239,大網白里市,千葉県大網白里市
638,12,千葉県,12322,酒々井町,千葉県印旛郡酒々井町
639,12,千葉県,12329,栄町,千葉県印旛郡栄町
640,12,千葉県,12342,神崎町,千葉県香取郡神崎町
641,12,千葉県,12347,多古町,千葉県香取郡多古町
642,12,千葉県,12349,東庄町,千葉県香取郡東庄町
643,12,千葉県,12403,九十九里町,千葉県山武郡九十九里町
644,12,千葉県,12409,芝山町,千葉県山武郡芝山町
645,12,千葉県,12410,横芝光町,千葉県山武郡横芝光町
646,12,千葉県,12421,一宮町,千葉県長生郡一宮町
647,12,千葉県,12422,睦沢町,千葉県長生郡睦沢町
648,12,千葉県,12423,長生村,千葉県長生郡長生村
649,12,千葉県,12424,白子町,千葉県長生郡白子町
650,12,千葉県,12426,長柄町,千葉県長生郡長柄町
651,12,千葉県,12427,長南町,千葉県長生郡長南町
652,12,千葉県,12441,大多喜町,千葉県夷隅郡大多喜町
653,12,千葉県,12443,御宿町,千葉県夷隅郡御宿町
654,12,千葉県,12463,鋸南町,千葉県安房郡鋸南町
655,13,東京都,13101,千代田区,東京都千代田区
656,13,東京都,13102,中央区,東京都中央区
657,13,東京都,13103,港区,東京都港区
658,13,東京都,13104,新宿区,東京都新宿区
659,13,東京都,13105,文京区,東京都文京区
660,13,東京都,13106,台東区,東京都台東区
661,13,東京都,13107,墨田区,東京都墨田区
662,13,東京都,13108,江東区,東京都江東区
663,13,東京都,13109,品川区,東京都品川区
664,13,東京都,13110,目黒区,東京都目黒区
665,13,東京都,13111,大田区,東京都大田区
666,13,東京都,13112,世田谷区,東京都世田谷区
667,13,東京都,13113,渋谷区,東京都渋谷区
668,13,東京都,13114,中野区,東京都中野区
669,13,東京都,13115,杉並区,東京都杉並区
670,13,東京都,13116,豊島区,東京都豊島区
671,13,東京都,13117,北区,東京都北区
672,13,東京都,13118,荒川区,東京都荒川区
673,13,東京都,13119,板橋区,東京都板橋区
674,13,東京都,13120,練馬区,東京都練馬区
675,13,東京都,13121,足立区,東京都足立区
676,13,東京都,13122,葛飾区,東京都葛飾区
677,13,東京都,13123,江戸川区,東京都江戸川区
678,13,東京都,13201,八王子市,東京都八王子市
679,13,東京都,13202,立川市,東京都立川市
680,13,東京都,13203,武蔵野市,東京都武蔵野市
681,13,東京都,13204,三鷹市,東京都三鷹市
682,13,東京都,13205,青梅市,東京都青梅市
683,13,東京都,13206,府中市,東京都府中市
684,13,東京都,13207,昭島市,東京都昭島市
685,13,東京都,13208,調布市,東京都調布市
686,13,東京都,13209,町田市,東京都町田市
687,13,東京都,13210,小金井市,東京都小金井市
688,13,東京都,13211,小平市,東京都小平市
689,13,東京都,13212,日野市,東京都日野市
690,13,東京都,13213,東村山市,東京都東村山市
691,13,東京都,13214,国分寺市,東京都国分寺市
692,13,東京都,13215,国立市,東京都国立市
693,13,東京都,13218,福生市,東京都福生市
694,13,東京都,13219,狛江市,東京都狛江市
695,13,東京都,13220,東大和市,東京都東大和市
696,13,東京都,13221,清瀬市,東京都清瀬市
697,13,東京都,13222,東久留米市,東京都東久留米市
698,13,東京都,13223,武蔵村山市,東京都武蔵村山市
699,13,東京都,13224,多摩市,東京都多摩市
700,13,東京都,13225,稲城市,東京都稲城市
701,13,東京都,13227,羽村市,東京都羽村市
702,13,東京都,13228,あきる野市,東京都あきる野市
703,13,東京都,13229,西東京市,東京都西東京市
704,13,東京都,13303,瑞穂町,東京都西多摩郡瑞穂町
705,13,東京都,13305,日の出町,東京都西多摩郡日の出町
706,13,東京都,13307,檜原村,東京都西多摩郡檜原村
707,13,東京都,13308,奥多摩町,東京都西多摩郡奥多摩町
708,13,東京都,13361,大島町,東京都大島町
709,13,東京都,13362,利島村,東京都利島村
710,13,東京都,13363,新島村,東京都新島村
711,13,東京都,13364,神津島村,東京都神津島村
712,13,東京都,13381,三宅村,東京都三宅島三宅村
713,13,東京都,13382,御蔵島村,東京都御蔵島村
714,13,東京都,13401,八丈町,東京都八丈島八丈町
715,13,東京都,13402,青ヶ島村,東京都青ヶ島村
716,13,東京都,13421,小笠原村,東京都小笠原村
717,14,神奈川県,14101,鶴見区,神奈川県横浜市鶴見区
718,14,神奈川県,14102,神奈川区,神奈川県横浜市神奈川区
719,14,神奈川県,14103,西区,神奈川県横浜市西区
720,14,神奈川県,14104,中区,神奈川県横浜市中区
721,14,神奈川県,14105,南区,神奈川県横浜市南区
722,14,神奈川県,14106,保土ケ谷区,神奈川県横浜市保土ケ谷区
723,14,神奈川県,14107,磯子区,神奈川県横浜市磯子区
724,14,神奈川県,14108,金沢区,神奈川県横浜市金沢区
725,14,神奈川県,14109,港北区,神奈川県横浜市港北区
726,14,神奈川県,14110,戸塚区,神奈川県横浜市戸塚区
727,14,神奈川県,14111,港南区,神奈川県横浜市港南区
728,14,神奈川県,14112,旭区,神奈川県横浜市旭区
729,14,神奈川県,14113,緑区,神奈川県横浜市緑区
730,14,神奈川県,14114,瀬谷区,神奈川県横浜市瀬谷区
731,14,神奈川県,14115,栄区,神奈川県横浜市栄区
732,14,神奈川県,14116,泉区,神奈川県横浜市泉区
733,14,神奈川県,14117,青葉区,神奈川県横浜市青葉区
734,14,神奈川県,14118,都筑区,神奈川県横浜市都筑区
735,14,神奈川県,14131,川崎区,神奈川県川崎市川崎区
736,14,神奈川県,14132,幸区,神奈川県川崎市幸区
737,14,神奈川県,14133,中原区,神奈川県川崎市中原区
738,14,神奈川県,14134,高津区,神奈川県川崎市高津区
739,14,神奈川県,14135,多摩区,神奈川県川崎市多摩区
740,14,神奈川県,14136,宮前区,神奈川県川崎市宮前区
741,14,神奈川県,14137,麻生区,神奈川県川崎市麻生区
742,14,神奈川県,14151,緑区,神奈川県相模原市緑区
743,14,神奈川県,14152,中央区,神奈川県相模原市中央区
744,14,神奈川県,14153,南区,神奈川県相模原市南区
745,14,神奈川県,14201,横須賀市,神奈川県横須賀市
746,14,神奈川県,14203,平塚市,神奈川県平塚市
747,14,神奈川県,14204,鎌倉市,神奈川県鎌倉市
748,14,神奈川県,14205,藤沢市,神奈川県藤沢市
749,14,神奈川県,14206,小田原市,神奈川県小田原市
750,14,神奈川県,14207,茅ヶ崎市,神奈川県茅ヶ崎市
751,14,神奈川県,14208,逗子市,神奈川県逗子市
752,14,神奈川県,14210,三浦市,神奈川県三浦市
753,14,神奈川県,14211,秦野市,神奈川県秦野市
754,14,神奈川県,14212,厚木市,神奈川県厚木市
755,14,神奈川県,14213,大和市,神奈川県大和市
756,14,神奈川県,14214,伊勢原市,神奈川県伊勢原市
757,14,神奈川県,14215,海老名市,神奈川県海老名市
758,14,神奈川県,14216,座間市,神奈川県座間市
759,14,神奈川県,14217,南足柄市,神奈川県南足柄市
760,14,神奈川県,14218,綾瀬市,神奈川県綾瀬市
761,14,神奈川県,14301,葉山町,神奈川県三浦郡葉山町
762,14,神奈川県,14321,寒川町,神奈川県高座郡寒川町
763,14,神奈川県,14341,大磯町,神奈川県中郡大磯町
764,14,神奈川県,14342,二宮町,神奈川県中郡二宮町
765,14,神奈川県,14361,中井町,神奈川県足柄上郡中井町
766,14,神奈川県,14362,大井町,神奈川県足柄上郡大井町
767,14,神奈川県,14363,松田町,神奈川県足柄上郡松田町
768,14,神奈川県,14364,山北町,神奈川県足柄上郡山北町
769,14,神奈川県,14366,開成町,神奈川県足柄上郡開成町
770,14,神奈川県,14382,箱根町,神奈川県足柄下郡箱根町
771,14,神奈川県,14383,真鶴町,神奈川県足柄下郡真鶴町
772,14,神奈川県,14384,湯河原町,神奈川県足柄下郡湯河原町
773,14,神奈川県,14401,愛川町,神奈川県愛甲郡愛川町
774,14,神奈川県,14402,清川村,神奈川県愛甲郡清川村
775,15,新潟県,15101,北区,新潟県新潟市北区
776,15,新潟県,15102,東区,新潟県新潟市東区
777,15,新潟県,15103,中央区,新潟県新潟市中央区
778,15,新潟県,15104,江南区,新潟県新潟市江南区
779,15,新潟県,15105,秋葉区,新潟県新潟市秋葉区
780,15,新潟県,15106,南区,新潟県新潟市南区
781,15,新潟県,15107,西区,新潟県新潟市西区
782,15,新潟県,15108,西蒲区,新潟県新潟市西蒲区
783,15,新潟県,15202,長岡市,新潟県長岡市
784,15,新潟県,15204,三条市,新潟県三条市
785,15,新潟県,15205,柏崎市,新潟県柏崎市
786,15,新潟県,15206,新発田市,新潟県新発田市
787,15,新潟県,15208,小千谷市,新潟県小千谷市
788,15,新潟県,15209,加茂市,新潟県加茂市
789,15,新潟県,15210,十日町市,新潟県十日町市
790,15,新潟県,15211,見附市,新潟県見附市
791,15,新潟県,15212,村上市,新潟県村上市
792,15,新潟県,15213,燕市,新潟県燕市
793,15,新潟県,15216,糸魚川市,新潟県糸魚川市
794,15,新潟県,15217,妙高市,新潟県妙高市
795,15,新潟県,15218,五泉市,新潟県五泉市
796,15,新潟県,15222,上越市,新潟県上越市
797,15,新潟県,15223,阿賀野市,新潟県阿賀野市
798,15,新潟県,15224,佐渡市,新潟県佐渡市
799,15,新潟県,15225,魚沼市,新潟県魚沼市
800,15,新潟県,15226,南魚沼市,新潟県南魚沼市
801,15,新潟県,15227,胎内市,新潟県胎内市
802,15,新潟県,15307,聖籠町,新潟県北蒲原郡聖籠町
803,15,新潟県,15342,弥彦村,新潟県西蒲原郡弥彦村
804,15,新潟県,15361,田上町,新潟県南蒲原郡田上町
805,15,新潟県,15385,阿賀町,新潟県東蒲原郡阿賀町
806,15,新潟県,15405,出雲崎町,新潟県三島郡出雲崎町
807,15,新潟県,15461,湯沢町,新潟県南魚沼郡湯沢町
808,15,新潟県,15482,津南町,新潟県中魚沼郡津南町
809,15,新潟県,15504,刈羽村,新潟県刈羽郡刈羽村
810,15,新潟県,15581,関川村,新潟県岩船郡関川村
811,15,新潟県,15586,粟島浦村,新潟県岩船郡粟島浦村
812,16,富山県,16201,富山市,富山県富山市
813,16,富山県,16202,高岡市,富山県高岡市
814,16,富山県,16204,魚津市,富山県魚津市
815,16,富山県,16205,氷見市,富山県氷見市
816,16,富山県,16206,滑川市,富山県滑川市
817,16,富山県,16207,黒部市,富山県黒部市
818,16,富山県,16208,砺波市,富山県砺波市
819,16,富山県,16209,小矢部市,富山県小矢部市
820,16,富山県,16210,南砺市,富山県南砺市
821,16,富山県,16211,射水市,富山県射水市
822,16,富山県,16321,舟橋村,富山県中新川郡舟橋村
823,16,富山県,16322,上市町,富山県中新川郡上市町
824,16,富山県,16323,立山町,富山県中新川郡立山町
825,16,富山県,16342,入善町,富山県下新川郡入善町
826,16,富山県,16343,朝日町,富山県下新川郡朝日町
827,17,石川県,17201,金沢市,石川県金沢市
828,17,石川県,17202,七尾市,石川県七尾市
829,17,石川県,17203,小松市,石川県小松市
830,17,石川県,17204,輪島市,石川県輪島市
831,17,石川県,17205,珠洲市,石川県珠洲市
832,17,石川県,17206,加賀市,石川県加賀市
833,17,石川県,17207,羽咋市,石川県羽咋市
834,17,石川県,17209,かほく市,石川県かほく市
835,17,石川県,17210,白山市,石川県白山市
836,17,石川県,17211,能美市,石川県能美市
837,17,石川県,17212,野々市市,石川県野々市市
838,17,石川県,17324,川北町,石川県能美郡川北町
839,17,石川県,17361,津幡町,石川県河北郡津幡町
840,17,石川県,17365,内灘町,石川県河北郡内灘町
841,17,石川県,17384,志賀町,石川県羽咋郡志賀町
842,17,石川県,17386,宝達志水町,石川県羽咋郡宝達志水町
843,17,石川県,17407,中能登町,石川県鹿島郡中能登町
844,17,石川県,17461,穴水町,石川県鳳珠郡穴水町
845,17,石川県,17463,能登町,石川県鳳珠郡能登町
846,18,福井県,18201,福井市,福井県福井市
847,18,福井県,18202,敦賀市,福井県敦賀市
848,18,福井県,18204,小浜市,福井県小浜市
849,18,福井県,18205,大野市,福井県大野市
850,18,福井県,18206,勝山市,福井県勝山市
851,18,福井県,18207,鯖江市,福井県鯖江市
852,18,福井県,18208,あわら市,福井県あわら市
853,18,福井県,18209,越前市,福井県越前市
854,18,福井県,18210,坂井市,福井県坂井市
855,18,福井県,18322,永平寺町,福井県吉田郡永平寺町
856,18,福井県,18382,池田町,福井県今立郡池田町
857,18,福井県,18404,南越前町,福井県南条郡南越前町
858,18,福井県,18423,越前町,福井県丹生郡越前町
859,18,福井県,18442,美浜町,福井県三方郡美浜町
860,18,福井県,18481,高浜町,福井県大飯郡高浜町
861,18,福井県,18483,おおい町,福井県大飯郡おおい町
862,18,福井県,18501,若狭町,福井県三方上中郡若狭町
863,19,山梨県,19201,甲府市,山梨県甲府市
864,19,山梨県,19202,富士吉田市,山梨県富士吉田市
865,19,山梨県,19204,都留市,山梨県都留市
866,19,山梨県,19205,山梨市,山梨県山梨市
867,19,山梨県,19206,大月市,山梨県大月市
868,19,山梨県,19207,韮崎市,山梨県韮崎市
869,19,山梨県,19208,南アルプス市,山梨県南アルプス市
870,19,山梨県,19209,北杜市,山梨県北杜市
871,19,山梨県,19210,甲斐市,山梨県甲斐市
872,19,山梨県,19211,笛吹市,山梨県笛吹市
873,19,山梨県,19212,上野原市,山梨県上野原市
874,19,山梨県,19213,甲州市,山梨県甲州市
875,19,山梨県,19214,中央市,山梨県中央市
876,19,山梨県,19346,市川三郷町,山梨県西八代郡市川三郷町
877,19,山梨県,19364,早川町,山梨県南巨摩郡早川町
878,19,山梨県,19365,身延町,山梨県南巨摩郡身延町
879,19,山梨県,19366,南部町,山梨県南巨摩郡南部町
880,19,山梨県,19368,富士川町,山梨県南巨摩郡富士川町
881,19,山梨県,19384,昭和町,山梨県中巨摩郡昭和町
882,19,山梨県,19422,道志村,山梨県南都留郡道志村
883,19,山梨県,19423,西桂町,山梨県南都留郡西桂町
884,19,山梨県,19424,忍野村,山梨県南都留郡忍野村
885,19,山梨県,19425,山中湖村,山梨県南都留郡山中湖村
886,19,山梨県,19429,鳴沢村,山梨県南都留郡鳴沢村
887,19,山梨県,19430,富士河口湖町,山梨県南都留郡富士河口湖町
888,19,山梨県,19442,小菅村,山梨県北都留郡小菅村
889,19,山梨県,19443,丹波山村,山梨県北都留郡丹波山村
890,20,長野県,20201,長野市,長野県長野市
891,20,長野県,20202,松本市,長野県松本市
892,20,長野県,20203,上田市,長野県上田市
893,20,長野県,20204,岡谷市,長野県岡谷市
894,20,長野県,20205,飯田市,長野県飯田市
895,20,長野県,20206,諏訪市,長野県諏訪市
896,20,長野県,20207,須坂市,長野県須坂市
897,20,長野県,20208,小諸市,長野県小諸市
898,20,長野県,20209,伊那市,長野県伊那市
899,20,長野県,20210,駒ヶ根市,長野県駒ヶ根市
900,20,長野県,20211,中野市,長野県中野市
901,20,長野県,20212,大町市,長野県大町市
902,20,長野県,20213,飯山市,長野県飯山市
903,20,長野県,20214,茅野市,長野県茅野市
904,20,長野県,20215,塩尻市,長野県塩尻市
905,20,長野県,20217,佐久市,長野県佐久市
906,20,長野県,20218,千曲市,長野県千曲市
907,20,長野県,20219,東御市,長野県東御市
908,20,長野県,20220,安曇野市,長野県安曇野市
909,20,長野県,20303,小海町,長野県南佐久郡小海町
910,20,長野県,20304,川上村,長野県南佐久郡川上村
911,20,長野県,20305,南牧村,長野県南佐久郡南牧村
912,20,長野県,20306,南相木村,長野県南佐久郡南相木村
913,20,長野県,20307,北相木村,長野県南佐久郡北相木村
914,20,長野県,20309,佐久穂町,長野県南佐久郡佐久穂町
915,20,長野県,20321,軽井沢町,長野県北佐久郡軽井沢町
916,20,長野県,20323,御代田町,長野県北佐久郡御代田町
917,20,長野県,20324,立科町,長野県北佐久郡立科町
918,20,長野県,20349,青木村,長野県小県郡青木村
919,20,長野県,20350,長和町,長野県小県郡長和町
920,20,長野県,20361,下諏訪町,長野県諏訪郡下諏訪町
921,20,長野県,20362,富士見町,長野県諏訪郡富士見町
922,20,長野県,20363,原村,長野県諏訪郡原村
923,20,長野県,20382,辰野町,長野県上伊那郡辰野町
924,20,長野県,20383,箕輪町,長野県上伊那郡箕輪町
925,20,長野県,20384,飯島町,長野県上伊那郡飯島町
926,20,長野県,20385,南箕輪村,長野県上伊那郡南箕輪村
927,20,長野県,20386,中川村,長野県上伊那郡中川村
928,20,長野県,20388,宮田村,長野県上伊那郡宮田村
929,20,長野県,20402,松川町,長野県下伊那郡松川町
930,20,長野県,20403,高森町,長野県下伊那郡高森町
931,20,長野県,20404,阿南町,長野県下伊那郡阿南町
932,20,長野県,20407,阿智村,長野県下伊那郡阿智村
933,20,長野県,20409,平谷村,長野県下伊那郡平谷村
934,20,長野県,20410,根羽村,長野県下伊那郡根羽村
935,20,長野県,20411,下條村,長野県下伊那郡下條村
936,20,長野県,20412,売木村,長野県下伊那郡売木村
937,20,長野県,20413,天龍村,長野県下伊那郡天龍村
938,20,長野県,20414,泰阜村,長野県下伊那郡泰阜村
939,20,長野県,20415,喬木村,長野県下伊那郡喬木村
940,20,長野県,20416,豊丘村,長野県下伊那郡豊丘村
941,20,長野県,20417,大鹿村,長野県下伊那郡大鹿村
942,20,長野県,20422,上松町,長野県木曽郡上松町
943,20,長野県,20423,南木曽町,長野県木曽郡南木曽町
944,20,長野県,20425,木祖村,長野県木曽郡木祖村
945,20,長野県,20429,王滝村,長野県木曽郡王滝村
946,20,長野県,20430,大桑村,長野県木曽郡大桑村
947,20,長野県,20432,木曽町,長野県木曽郡木曽町
948,20,長野県,20446,麻績村,長野県東筑摩郡麻績村
949,20,長野県,20448,生坂村,長野県東筑摩郡生坂村
950,20,長野県,20450,山形村,長野県東筑摩郡山形村
951,20,長野県,20451,朝日村,長野県東筑摩郡朝日村
952,20,長野県,20452,筑北村,長野県東筑摩郡筑北村
953,20,長野県,20481,池田町,長野県北安曇郡池田町
954,20,長野県,20482,松川村,長野県北安曇郡松川村
955,20,長野県,20485,白馬村,長野県北安曇郡白馬村
956,20,長野県,20486,小谷村,長野県北安曇郡小谷村
957,20,長野県,20521,坂城町,長野県埴科郡坂城町
958,20,長野県,20541,小布施町,長野県上高井郡小布施町
959,20,長野県,20543,高山村,長野県上高井郡高山村
960,20,長野県,20561,山ノ内町,長野県下高井郡山ノ内町
961,20,長野県,20562,木島平村,長野県下高井郡木島平村
962,20,長野県,20563,野沢温泉村,長野県下高井郡野沢温泉村
963,20,長野県,20583,信濃町,長野県上水内郡信濃町
964,20,長野県,20588,小川村,長野県上水内郡小川村
965,20,長野県,20590,飯綱町,長野県上水内郡飯綱町
966,20,長野県,20602,栄村,長野県下水内郡栄村
967,21,岐阜県,21201,岐阜市,岐阜県岐阜市
968,21,岐阜県,21202,大垣市,岐阜県大垣市
969,21,岐阜県,21203,高山市,岐阜県高山市
970,21,岐阜県,21204,多治見市,岐阜県多治見市
971,21,岐阜県,21205,関市,岐阜県関市
972,21,岐阜県,21206,中津川市,岐阜県中津川市
973,21,岐阜県,21207,美濃市,岐阜県美濃市
974,21,岐阜県,21208,瑞浪市,岐阜県瑞浪市
975,21,岐阜県,21209,羽島市,岐阜県羽島市
976,21,岐阜県,21210,恵那市,岐阜県恵那市
977,21,岐阜県,21211,美濃加茂市,岐阜県美濃加茂市
978,21,岐阜県,21212,土岐市,岐阜県土岐市
979,21,岐阜県,21213,各務原市,岐阜県各務原市
980,21,岐阜県,21214,可児市,岐阜県可児市
981,21,岐阜県,21215,山県市,岐阜県山県市
982,21,岐阜県,21216,瑞穂市,岐阜県瑞穂市
983,21,岐阜県,21217,飛騨市,岐阜県飛騨市
984,21,岐阜県,21218,本巣市,岐阜県本巣市
985,21,岐阜県,21219,郡上市,岐阜県郡上市
986,21,岐阜県,21220,下呂市,岐阜県下呂市
987,21,岐阜県,21221,海津市,岐阜県海津市
988,21,岐阜県,21302,岐南町,岐阜県羽島郡岐南町
989,21,岐阜県,21303,笠松町,岐阜県羽島郡笠松町
990,21,岐阜県,21341,養老町,岐阜県養老郡養老町
991,21,岐阜県,21361,垂井町,岐阜県不破郡垂井町
992,21,岐阜県,21362,関ケ原町,岐阜県不破郡関ケ原町
993,21,岐阜県,21381,神戸町,岐阜県安八郡神戸町
994,21,岐阜県,21382,輪之内町,岐阜県安八郡輪之内町
995,21,岐阜県,21383,安八町,岐阜県安八郡安八町
996,21,岐阜県,21401,揖斐川町,岐阜県揖斐郡揖斐川町
997,21,岐阜県,21403,大野町,岐阜県揖斐郡大野町
998,21,岐阜県,21404,池田町,岐阜県揖斐郡池田町
999,21,岐阜県,21421,北方町,岐阜県本巣郡北方町
1000,21,岐阜県,21501,坂祝町,岐阜県加茂郡坂祝町
1001,21,岐阜県,21502,富加町,岐阜県加茂郡富加町
1002,21,岐阜県,21503,川辺町,岐阜県加茂郡川辺町
1003,21,岐阜県,21504,七宗町,岐阜県加茂郡七宗町
1004,21,岐阜県,21505,八百津町,岐阜県加茂郡八百津町
1005,21,岐阜県,21506,白川町,岐阜県加茂郡白川町
1006,21,岐阜県,21507,東白川村,岐阜県加茂郡東白川村
1007,21,岐阜県,21521,御嵩町,岐阜県可児郡御嵩町
1008,21,岐阜県,21604,白川村,岐阜県大野郡白川村
1009,22,静岡県,22101,葵区,静岡県静岡市葵区
1010,22,静岡県,22102,駿河区,静岡県静岡市駿河区
1011,22,静岡県,22103,清水区,静岡県静岡市清水区
1012,22,静岡県,22131,中区,静岡県浜松市中区
1013,22,静岡県,22132,東区,静岡県浜松市東区
1014,22,静岡県,22133,西区,静岡県浜松市西区
1015,22,静岡県,22134,南区,静岡県浜松市南区
1016,22,静岡県,22135,北区,静岡県浜松市北区
1017,22,静岡県,22136,浜北区,静岡県浜松市浜北区
1018,22,静岡県,22137,天竜区,静岡県浜松市天竜区
1019,22,静岡県,22203,沼津市,静岡県沼津市
1020,22,静岡県,22205,熱海市,静岡県熱海市
1021,22,静岡県,22206,三島市,静岡県三島市
1022,22,静岡県,22207,富士宮市,静岡県富士宮市
1023,22,静岡県,22208,伊東市,静岡県伊東市
1024,22,静岡県,22209,島田市,静岡県島田市
1025,22,静岡県,22210,富士市,静岡県富士市
1026,22,静岡県,22211,磐田市,静岡県磐田市
1027,22,静岡県,22212,焼津市,静岡県焼津市
1028,22,静岡県,22213,掛川市,静岡県掛川市
1029,22,静岡県,22214,藤枝市,静岡県藤枝市
1030,22,静岡県,22215,御殿場市,静岡県御殿場市
1031,22,静岡県,22216,袋井市,静岡県袋井市
1032,22,静岡県,22219,下田市,静岡県下田市
1033,22,静岡県,22220,裾野市,静岡県裾野市
1034,22,静岡県,22221,湖西市,静岡県湖西市
1035,22,静岡県,22222,伊豆市,静岡県伊豆市
1036,22,静岡県,22223,御前崎市,静岡県御前崎市
1037,22,静岡県,22224,菊川市,静岡県菊川市
1038,22,静岡県,22225,伊豆の国市,静岡県伊豆の国市
1039,22,静岡県,22226,牧之原市,静岡県牧之原市
1040,22,静岡県,22301,東伊豆町,静岡県賀茂郡東伊豆町
1041,22,静岡県,22302,河津町,静岡県賀茂郡河津町
1042,22,静岡県,22304,南伊豆町,静岡県賀茂郡南伊豆町
1043,22,静岡県,22305,松崎町,静岡県賀茂郡松崎町
1044,22,静岡県,22306,西伊豆町,静岡県賀茂郡西伊豆町
1045,22,静岡県,22325,函南町,静岡県田方郡函南町
1046,22,静岡県,22341,清水町,静岡県駿東郡清水町
1047,22,静岡県,22342,長泉町,静岡県駿東郡長泉町
1048,22,静岡県,22344,小山町,静岡県駿東郡小山町
1049,22,静岡県,22424,吉田町,静岡県榛原郡吉田町
1050,22,静岡県,22429,川根本町,静岡県榛原郡川根本町
1051,22,静岡県,22461,森町,静岡県周智郡森町
1052,23,愛知県,23101,千種区,愛知県名古屋市千種区
1053,23,愛知県,23102,東区,愛知県名古屋市東区
1054,23,愛知県,23103,北区,愛知県名古屋市北区
1055,23,愛知県,23104,西区,愛知県名古屋市西区
1056,23,愛知県,23105,中村区,愛知県名古屋市中村区
1057,23,愛知県,23106,中区,愛知県名古屋市中区
1058,23,愛知県,23107,昭和区,愛知県名古屋市昭和区
1059,23,愛知県,23108,瑞穂区,愛知県名古屋市瑞穂区
1060,23,愛知県,23109,熱田区,愛知県名古屋市熱田区
1061,23,愛知県,23110,中川区,愛知県名古屋市中川区
1062,23,愛知県,23111,港区,愛知県名古屋市港区
1063,23,愛知県,23112,南区,愛知県名古屋市南区
1064,23,愛知県,23113,守山区,愛知県名古屋市守山区
1065,23,愛知県,23114,緑区,愛知県名古屋市緑区
1066,23,愛知県,23115,名東区,愛知県名古屋市名東区
1067,23,愛知県,23116,天白区,愛知県名古屋市天白区
1068,23,愛知県,23201,豊橋市,愛知県豊橋市
1069,23,愛知県,23202,岡崎市,愛知県岡崎市
1070,23,愛知県,23203,一宮市,愛知県一宮市
1071,23,愛知県,23204,瀬戸市,愛知県瀬戸市
1072,23,愛知県,23205,半田市,愛知県半田市
1073,23,愛知県,23206,春日井市,愛知県春日井市
1074,23,愛知県,23207,豊川市,愛知県豊川市
1075,23,愛知県,23208,津島市,愛知県津島市
1076,23,愛知県,23209,碧南市,愛知県碧南市
1077,23,愛知県,23210,刈谷市,愛知県刈谷市
1078,23,愛知県,23211,豊田市,愛知県豊田市
1079,23,愛知県,23212,安城市,愛知県安城市
1080,23,愛知県,23213,西尾市,愛知県西尾市
1081,23,愛知県,23214,蒲郡市,愛知県蒲郡市
1082,23,愛知県,23215,犬山市,愛知県犬山市
1083,23,愛知県,23216,常滑市,愛知県常滑市
1084,23,愛知県,23217,江南市,愛知県江南市
1085,23,愛知県,23219,小牧市,愛知県小牧市
1086,23,愛知県,23220,稲沢市,愛知県稲沢市
1087,23,愛知県,23221,新城市,愛知県新城市
1088,23,愛知県,23222,東海市,愛知県東海市
1089,23,愛知県,23223,大府市,愛知県大府市
1090,23,愛知県,23224,知多市,愛知県知多市
1091,23,愛知県,23225,知立市,愛知県知立市
1092,23,愛知県,23226,尾張旭市,愛知県尾張旭市
1093,23,愛知県,23227,高浜市,愛知県高浜市
1094,23,愛知県,23228,岩倉市,愛知県岩倉市
1095,23,愛知県,23229,豊明市,愛知県豊明市
1096,23,愛知県,23230,日進市,愛知県日進市
1097,23,愛知県,23231,田原市,愛知県田原市
1098,23,愛知県,23232,愛西市,愛知県愛西市
1099,23,愛知県,23233,清須市,愛知県清須市
1100,23,愛知県,23234,北名古屋市,愛知県北名古屋市
1101,23,愛知県,23235,弥富市,愛知県弥富市
1102,23,愛知県,23236,みよし市,愛知県みよし市
1103,23,愛知県,23237,あま市,愛知県あま市
1104,23,愛知県,23238,長久手市,愛知県長久手市
1105,23,愛知県,23302,東郷町,愛知県愛知郡東郷町
1106,23,愛知県,23342,豊山町,愛知県西春日井郡豊山町
1107,23,愛知県,23361,大口町,愛知県丹羽郡大口町
1108,23,愛知県,23362,扶桑町,愛知県丹羽郡扶桑町
1109,23,愛知県,23424,大治町,愛知県海部郡大治町
1110,23,愛知県,23425,蟹江町,愛知県海部郡蟹江町
1111,23,愛知県,23427,飛島村,愛知県海部郡飛島村
1112,23,愛知県,23441,阿久比町,愛知県知多郡阿久比町
1113,23,愛知県,23442,東浦町,愛知県知多郡東浦町
1114,23,愛知県,23445,南知多町,愛知県知多郡南知多町
1115,23,愛知県,23446,美浜町,愛知県知多郡美浜町
1116,23,愛知県,23447,武豊町,愛知県知多郡武豊町
1117,23,愛知県,23501,幸田町,愛知県額田郡幸田町
1118,23,愛知県,23561,設楽町,愛知県北設楽郡設楽町
1119,23,愛知県,23562,東栄町,愛知県北設楽郡東栄町
1120,23,愛知県,23563,豊根村,愛知県北設楽郡豊根村
1121,24,三重県,24201,津市,三重県津市
1122,24,三重県,24202,四日市市,三重県四日市市
1123,24,三重県,24203,伊勢市,三重県伊勢市
1124,24,三重県,24204,松阪市,三重県松阪市
1125,24,三重県,24205,桑名市,三重県桑名市
1126,24,三重県,24207,鈴鹿市,三重県鈴鹿市
1127,24,三重県,24208,名張市,三重県名張市
1128,24,三重県,24209,尾鷲市,三重県尾鷲市
1129,24,三重県,24210,亀山市,三重県亀山市
1130,24,三重県,24211,鳥羽市,三重県鳥羽市
1131,24,三重県,24212,熊野市,三重県熊野市
1132,24,三重県,24214,いなべ市,三重県いなべ市
1133,24,三重県,24215,志摩市,三重県志摩市
1134,24,三重県,24216,伊賀市,三重県伊賀市
1135,24,三重県,24303,木曽岬町,三重県桑名郡木曽岬町
1136,24,三重県,24324,東員町,三重県員弁郡東員町
1137,24,三重県,24341,菰野町,三重県三重郡菰野町
1138,24,三重県,24343,朝日町,三重県三重郡朝日町
1139,24,三重県,24344,川越町,三重県三重郡川越町
1140,24,三重県,24441,多気町,三重県多気郡多気町
1141,24,三重県,24442,明和町,三重県多気郡明和町
1142,24,三重県,24443,大台町,三重県多気郡大台町
1143,24,三重県,24461,玉城町,三重県度会郡玉城町
1144,24,三重県,24470,度会町,三重県度会郡度会町
1145,24,三重県,24471,大紀町,三重県度会郡大紀町
1146,24,三重県,24472,南伊勢町,三重県度会郡南伊勢町
1147,24,三重県,24543,紀北町,三重県北牟婁郡紀北町
1148,24,三重県,24561,御浜町,三重県南牟婁郡御浜町
1149,24,三重県,24562,紀宝町,三重県南牟婁郡紀宝町
1150,25,滋賀県,25201,大津市,滋賀県大津市
1151,25,滋賀県,25202,彦根市,滋賀県彦根市
1152,25,滋賀県,25203,長浜市,滋賀県長浜市
1153,25,滋賀県,25204,近江八幡市,滋賀県近江八幡市
1154,25,滋賀県,25206,草津市,滋賀県草津市
1155,25,滋賀県,25207,守山市,滋賀県守山市
1156,25,滋賀県,25208,栗東市,滋賀県栗東市
1157,25,滋賀県,25209,甲賀市,滋賀県甲賀市
1158,25,滋賀県,25210,野洲市,滋賀県野洲市
1159,25,滋賀県,25211,湖南市,滋賀県湖南市
1160,25,滋賀県,25212,高島市,滋賀県高島市
1161,25,滋賀県,25213,東近江市,滋賀県東近江市
1162,25,滋賀県,25214,米原市,滋賀県米原市
1163,25,滋賀県,25383,日野町,滋賀県蒲生郡日野町
1164,25,滋賀県,25384,竜王町,滋賀県蒲生郡竜王町
1165,25,滋賀県,25425,愛荘町,滋賀県愛知郡愛荘町
1166,25,滋賀県,25441,豊郷町,滋賀県犬上郡豊郷町
1167,25,滋賀県,25442,甲良町,滋賀県犬上郡甲良町
1168,25,滋賀県,25443,多賀町,滋賀県犬上郡多賀町
1169,26,京都府,26101,北区,京都府京都市北区
1170,26,京都府,26102,上京区,京都府京都市上京区
1171,26,京都府,26103,左京区,京都府京都市左京区
1172,26,京都府,26104,中京区,京都府京都市中京区
1173,26,京都府,26105,東山区,京都府京都市東山区
1174,26,京都府,26106,下京区,京都府京都市下京区
1175,26,京都府,26107,南区,京都府京都市南区
1176,26,京都府,26108,右京区,京都府京都市右京区
1177,26,京都府,26109,伏見区,京都府京都市伏見区
1178,26,京都府,26110,山科区,京都府京都市山科区
1179,26,京都府,26111,西京区,京都府京都市西京区
1180,26,京都府,26201,福知山市,京都府福知山市
1181,26,京都府,26202,舞鶴市,京都府舞鶴市
1182,26,京都府,26203,綾部市,京都府綾部市
1183,26,京都府,26204,宇治市,京都府宇治市
1184,26,京都府,26205,宮津市,京都府宮津市
1185,26,京都府,26206,亀岡市,京都府亀岡市
1186,26,京都府,26207,城陽市,京都府城陽市
1187,26,京都府,26208,向日市,京都府向日市
1188,26,京都府,26209,長岡京市,京都府長岡京市
1189,26,京都府,26210,八幡市,京都府八幡市
1190,26,京都府,26211,京田辺市,京都府京田辺市
1191,26,京都府,26212,京丹後市,京都府京丹後市
1192,26,京都府,26213,南丹市,京都府南丹市
1193,26,京都府,26214,木津川市,京都府木津川市
1194,26,京都府,26303,大山崎町,京都府乙訓郡大山崎町
1195,26,京都府,26322,久御山町,京都府久世郡久御山町
1196,26,京都府,26343,井手町,京都府綴喜郡井手町
1197,26,京都府,26344,宇治田原町,京都府綴喜郡宇治田原町
1198,26,京都府,26364,笠置町,京都府相楽郡笠置町
1199,26,京都府,26365,和束町,京都府相楽郡和束町
1200,26,京都府,26366,精華町,京都府相楽郡精華町
1201,26,京都府,26367,南山城村,京都府相楽郡南山城村
1202,26,京都府,26407,京丹波町,京都府船井郡京丹波町
1203,26,京都府,26463,伊根町,京都府与謝郡伊根町
1204,26,京都府,26465,与謝野町,京都府与謝郡与謝野町
1205,27,大阪府,27102,都島区,大阪府大阪市都島区
1206,27,大阪府,27103,福島区,大阪府大阪市福島区
1207,27,大阪府,27104,此花区,大阪府大阪市此花区
1208,27,大阪府,27106,西区,大阪府大阪市西区
1209,27,大阪府,27107,港区,大阪府大阪市港区
1210,27,大阪府,27108,大正区,大阪府大阪市大正区
1211,27,大阪府,27109,天王寺区,大阪府大阪市天王寺区
1212,27,大阪府,27111,浪速区,大阪府大阪市浪速区
1213,27,大阪府,27113,西淀川区,大阪府大阪市西淀川区
1214,27,大阪府,27114,東淀川区,大阪府大阪市東淀川区
1215,27,大阪府,27115,東成区,大阪府大阪市東成区
1216,27,大阪府,27116,生野区,大阪府大阪市生野区
1217,27,大阪府,27117,旭区,大阪府大阪市旭区
1218,27,大阪府,27118,城東区,大阪府大阪市城東区
1219,27,大阪府,27119,阿倍野区,大阪府大阪市阿倍野区
1220,27,大阪府,27120,住吉区,大阪府大阪市住吉区
1221,27,大阪府,27121,東住吉区,大阪府大阪市東住吉区
1222,27,大阪府,27122,西成区,大阪府大阪市西成区
1223,27,大阪府,27123,淀川区,大阪府大阪市淀川区
1224,27,大阪府,27124,鶴見区,大阪府大阪市鶴見区
1225,27,大阪府,27125,住之江区,大阪府大阪市住之江区
1226,27,大阪府,27126,平野区,大阪府大阪市平野区
1227,27,大阪府,27127,北区,大阪府大阪市北区
1228,27,大阪府,27128,中央区,大阪府大阪市中央区
1229,27,大阪府,27141,堺区,大阪府堺市堺区
1230,27,大阪府,27142,中区,大阪府堺市中区
1231,27,大阪府,27143,東区,大阪府堺市東区
1232,27,大阪府,27144,西区,大阪府堺市西区
1233,27,大阪府,27145,南区,大阪府堺市南区
1234,27,大阪府,27146,北区,大阪府堺市北区
1235,27,大阪府,27147,美原区,大阪府堺市美原区
1236,27,大阪府,27202,岸和田市,大阪府岸和田市
1237,27,大阪府,27203,豊中市,大阪府豊中市
1238,27,大阪府,27204,池田市,大阪府池田市
1239,27,大阪府,27205,吹田市,大阪府吹田市
1240,27,大阪府,27206,泉大津市,大阪府泉大津市
1241,27,大阪府,27207,高槻市,大阪府高槻市
1242,27,大阪府,27208,貝塚市,大阪府貝塚市
1243,27,大阪府,27209,守口市,大阪府守口市
1244,27,大阪府,27210,枚方市,大阪府枚方市
1245,27,大阪府,27211,茨木市,大阪府茨木市
1246,27,大阪府,27212,八尾市,大阪府八尾市
1247,27,大阪府,27213,泉佐野市,大阪府泉佐野市
1248,27,大阪府,27214,富田林市,大阪府富田林市
1249,27,大阪府,27215,寝屋川市,大阪府寝屋川市
1250,27,大阪府,27216,河内長野市,大阪府河内長野市
1251,27,大阪府,27217,松原市,大阪府松原市
1252,27,大阪府,27218,大東市,大阪府大東市
1253,27,大阪府,27219,和泉市,大阪府和泉市
1254,27,大阪府,27220,箕面市,大阪府箕面市
1255,27,大阪府,27221,柏原市,大阪府柏原市
1256,27,大阪府,27222,羽曳野市,大阪府羽曳野市
1257,27,大阪府,27223,門真市,大阪府門真市
1258,27,大阪府,27224,摂津市,大阪府摂津市
1259,27,大阪府,27225,高石市,大阪府高石市
1260,27,大阪府,27226,藤井寺市,大阪府藤井寺市
1261,27,大阪府,27227,東大阪市,大阪府東大阪市
1262,27,大阪府,27228,泉南市,大阪府泉南市
1263,27,大阪府,27229,四條畷市,大阪府四條畷市
1264,27,大阪府,27230,交野市,大阪府交野市
1265,27,大阪府,27231,大阪狭山市,大阪府大阪狭山市
1266,27,大阪府,27232,阪南市,大阪府阪南市
1267,27,大阪府,27301,島本町,大阪府三島郡島本町
1268,27,大阪府,27321,豊能町,大阪府豊能郡豊能町
1269,27,大阪府,27322,能勢町,大阪府豊能郡能勢町
1270,27,大阪府,27341,忠岡町,大阪府泉北郡忠岡町
1271,27,大阪府,27361,熊取町,大阪府泉南郡熊取町
1272,27,大阪府,27362,田尻町,大阪府泉南郡田尻町
1273,27,大阪府,27366,岬町,大阪府泉南郡岬町
1274,27,大阪府,27381,太子町,大阪府南河内郡太子町
1275,27,大阪府,27382,河南町,大阪府南河内郡河南町
1276,27,大阪府,27383,千早赤阪村,大阪府南河内郡千早赤阪村
1277,28,兵庫県,28101,東灘区,兵庫県神戸市東灘区
1278,28,兵庫県,28102,灘区,兵庫県神戸市灘区
1279,28,兵庫県,28105,兵庫区,兵庫県神戸市兵庫区
1280,28,兵庫県,28106,長田区,兵庫県神戸市長田区
1281,28,兵庫県,28107,須磨区,兵庫県神戸市須磨区
1282,28,兵庫県,28108,垂水区,兵庫県神戸市垂水区
1283,28,兵庫県,28109,北区,兵庫県神戸市北区
1284,28,兵庫県,28110,中央区,兵庫県神戸市中央区
1285,28,兵庫県,28111,西区,兵庫県神戸市西区
1286,28,兵庫県,28201,姫路市,兵庫県姫路市
1287,28,兵庫県,28202,尼崎市,兵庫県尼崎市
1288,28,兵庫県,28203,明石市,兵庫県明石市
1289,28,兵庫県,28204,西宮市,兵庫県西宮市
1290,28,兵庫県,28205,洲本市,兵庫県洲本市
1291,28,兵庫県,28206,芦屋市,兵庫県芦屋市
1292,28,兵庫県,28207,伊丹市,兵庫県伊丹市
1293,28,兵庫県,28208,相生市,兵庫県相生市
1294,28,兵庫県,28209,豊岡市,兵庫県豊岡市
1295,28,兵庫県,28210,加古川市,兵庫県加古川市
1296,28,兵庫県,28212,赤穂市,兵庫県赤穂市
1297,28,兵庫県,28213,西脇市,兵庫県西脇市
1298,28,兵庫県,28214,宝塚市,兵庫県宝塚市
1299,28,兵庫県,28215,三木市,兵庫県三木市
1300,28,兵庫県,28216,高砂市,兵庫県高砂市
1301,28,兵庫県,28217,川西市,兵庫県川西市
1302,28,兵庫県,28218,小野市,兵庫県小野市
1303,28,兵庫県,28219,三田市,兵庫県三田市
1304,28,兵庫県,28220,加西市,兵庫県加西市
1305,28,兵庫県,28221,篠山市,兵庫県篠山市
1306,28,兵庫県,28222,養父市,兵庫県養父市
1307,28,兵庫県,28223,丹波市,兵庫県丹波市
1308,28,兵庫県,28224,南あわじ市,兵庫県南あわじ市
1309,28,兵庫県,28225,朝来市,兵庫県朝来市
1310,28,兵庫県,28226,淡路市,兵庫県淡路市
1311,28,兵庫県,28227,宍粟市,兵庫県宍粟市
1312,28,兵庫県,28228,加東市,兵庫県加東市
1313,28,兵庫県,28229,たつの市,兵庫県たつの市
1314,28,兵庫県,28301,猪名川町,兵庫県川辺郡猪名川町
1315,28,兵庫県,28365,多可町,兵庫県多可郡多可町
1316,28,兵庫県,28381,稲美町,兵庫県加古郡稲美町
1317,28,兵庫県,28382,播磨町,兵庫県加古郡播磨町
1318,28,兵庫県,28442,市川町,兵庫県神崎郡市川町
1319,28,兵庫県,28443,福崎町,兵庫県神崎郡福崎町
1320,28,兵庫県,28446,神河町,兵庫県神崎郡神河町
1321,28,兵庫県,28464,太子町,兵庫県揖保郡太子町
1322,28,兵庫県,28481,上郡町,兵庫県赤穂郡上郡町
1323,28,兵庫県,28501,佐用町,兵庫県佐用郡佐用町
1324,28,兵庫県,28585,香美町,兵庫県美方郡香美町
1325,28,兵庫県,28586,新温泉町,兵庫県美方郡新温泉町
1326,29,奈良県,29201,奈良市,奈良県奈良市
1327,29,奈良県,29202,大和高田市,奈良県大和高田市
1328,29,奈良県,29203,大和郡山市,奈良県大和郡山市
1329,29,奈良県,29204,天理市,奈良県天理市
1330,29,奈良県,29205,橿原市,奈良県橿原市
1331,29,奈良県,29206,桜井市,奈良県桜井市
1332,29,奈良県,29207,五條市,奈良県五條市
1333,29,奈良県,29208,御所市,奈良県御所市
1334,29,奈良県,29209,生駒市,奈良県生駒市
1335,29,奈良県,29210,香芝市,奈良県香芝市
1336,29,奈良県,29211,葛城市,奈良県葛城市
1337,29,奈良県,29212,宇陀市,奈良県宇陀市
1338,29,奈良県,29322,山添村,奈良県山辺郡山添村
1339,29,奈良県,29342,平群町,奈良県生駒郡平群町
1340,29,奈良県,29343,三郷町,奈良県生駒郡三郷町
1341,29,奈良県,29344,斑鳩町,奈良県生駒郡斑鳩町
1342,29,奈良県,29345,安堵町,奈良県生駒郡安堵町
1343,29,奈良県,29361,川西町,奈良県磯城郡川西町
1344,29,奈良県,29362,三宅町,奈良県磯城郡三宅町
1345,29,奈良県,29363,田原本町,奈良県磯城郡田原本町
1346,29,奈良県,29385,曽爾村,奈良県宇陀郡曽爾村
1347,29,奈良県,29386,御杖村,奈良県宇陀郡御杖村
1348,29,奈良県,29401,高取町,奈良県高市郡高取町
1349,29,奈良県,29402,明日香村,奈良県高市郡明日香村
1350,29,奈良県,29424,上牧町,奈良県北葛城郡上牧町
1351,29,奈良県,29425,王寺町,奈良県北葛城郡王寺町
1352,29,奈良県,29426,広陵町,奈良県北葛城郡広陵町
1353,29,奈良県,29427,河合町,奈良県北葛城郡河合町
1354,29,奈良県,29441,吉野町,奈良県吉野郡吉野町
1355,29,奈良県,29442,大淀町,奈良県吉野郡大淀町
1356,29,奈良県,29443,下市町,奈良県吉野郡下市町
1357,29,奈良県,29444,黒滝村,奈良県吉野郡黒滝村
1358,29,奈良県,29446,天川村,奈良県吉野郡天川村
1359,29,奈良県,29447,野迫川村,奈良県吉野郡野迫川村
1360,29,奈良県,29449,十津川村,奈良県吉野郡十津川村
1361,29,奈良県,29450,下北山村,奈良県吉野郡下北山村
1362,29,奈良県,29451,上北山村,奈良県吉野郡上北山村
1363,29,奈良県,29452,川上村,奈良県吉野郡川上村
1364,29,奈良県,29453,東吉野村,奈良県吉野郡東吉野村
1365,30,和歌山県,30201,和歌山市,和歌山県和歌山市
1366,30,和歌山県,30202,海南市,和歌山県海南市
1367,30,和歌山県,30203,橋本市,和歌山県橋本市
1368,30,和歌山県,30204,有田市,和歌山県有田市
1369,30,和歌山県,30205,御坊市,和歌山県御坊市
1370,30,和歌山県,30206,田辺市,和歌山県田辺市
1371,30,和歌山県,30207,新宮市,和歌山県新宮市
1372,30,和歌山県,30208,紀の川市,和歌山県紀の川市
1373,30,和歌山県,30209,岩出市,和歌山県岩出市
1374,30,和歌山県,30304,紀美野町,和歌山県海草郡紀美野町
1375,30,和歌山県,30341,かつらぎ町,和歌山県伊都郡かつらぎ町
1376,30,和歌山県,30343,九度山町,和歌山県伊都郡九度山町
1377,30,和歌山県,30344,高野町,和歌山県伊都郡高野町
1378,30,和歌山県,30361,湯浅町,和歌山県有田郡湯浅町
1379,30,和歌山県,30362,広川町,和歌山県有田郡広川町
1380,30,和歌山県,30366,有田川町,和歌山県有田郡有田川町
1381,30,和歌山県,30381,美浜町,和歌山県日高郡美浜町
1382,30,和歌山県,30382,日高町,和歌山県日高郡日高町
1383,30,和歌山県,30383,由良町,和歌山県日高郡由良町
1384,30,和歌山県,30390,印南町,和歌山県日高郡印南町
1385,30,和歌山県,30391,みなべ町,和歌山県日高郡みなべ町
1386,30,和歌山県,30392,日高川町,和歌山県日高郡日高川町
1387,30,和歌山県,30401,白浜町,和歌山県西牟婁郡白浜町
1388,30,和歌山県,30404,上富田町,和歌山県西牟婁郡上富田町
1389,30,和歌山県,30406,すさみ町,和歌山県西牟婁郡すさみ町
1390,30,和歌山県,30421,那智勝浦町,和歌山県東牟婁郡那智勝浦町
1391,30,和歌山県,30422,太地町,和歌山県東牟婁郡太地町
1392,30,和歌山県,30424,古座川町,和歌山県東牟婁郡古座川町
1393,30,和歌山県,30427,北山村,和歌山県東牟婁郡北山村
1394,30,和歌山県,30428,串本町,和歌山県東牟婁郡串本町
1395,31,鳥取県,31201,鳥取市,鳥取県鳥取市
1396,31,鳥取県,31202,米子市,鳥取県米子市
1397,31,鳥取県,31203,倉吉市,鳥取県倉吉市
1398,31,鳥取県,31204,境港市,鳥取県境港市
1399,31,鳥取県,31302,岩美町,鳥取県岩美郡岩美町
1400,31,鳥取県,31325,若桜町,鳥取県八頭郡若桜町
1401,31,鳥取県,31328,智頭町,鳥取県八頭郡智頭町
1402,31,鳥取県,31329,八頭町,鳥取県八頭郡八頭町
1403,31,鳥取県,31364,三朝町,鳥取県東伯郡三朝町
1404,31,鳥取県,31370,湯梨浜町,鳥取県東伯郡湯梨浜町
1405,31,鳥取県,31371,琴浦町,鳥取県東伯郡琴浦町
1406,31,鳥取県,31372,北栄町,鳥取県東伯郡北栄町
1407,31,鳥取県,31384,日吉津村,鳥取県西伯郡日吉津村
1408,31,鳥取県,31386,大山町,鳥取県西伯郡大山町
1409,31,鳥取県,31389,南部町,鳥取県西伯郡南部町
1410,31,鳥取県,31390,伯耆町,鳥取県西伯郡伯耆町
1411,31,鳥取県,31401,日南町,鳥取県日野郡日南町
1412,31,鳥取県,31402,日野町,鳥取県日野郡日野町
1413,31,鳥取県,31403,江府町,鳥取県日野郡江府町
1414,32,島根県,32201,松江市,島根県松江市
1415,32,島根県,32202,浜田市,島根県浜田市
1416,32,島根県,32203,出雲市,島根県出雲市
1417,32,島根県,32204,益田市,島根県益田市
1418,32,島根県,32205,大田市,島根県大田市
1419,32,島根県,32206,安来市,島根県安来市
1420,32,島根県,32207,江津市,島根県江津市
1421,32,島根県,32209,雲南市,島根県雲南市
1422,32,島根県,32343,奥出雲町,島根県仁多郡奥出雲町
1423,32,島根県,32386,飯南町,島根県飯石郡飯南町
1424,32,島根県,32441,川本町,島根県邑智郡川本町
1425,32,島根県,32448,美郷町,島根県邑智郡美郷町
1426,32,島根県,32449,邑南町,島根県邑智郡邑南町
1427,32,島根県,32501,津和野町,島根県鹿足郡津和野町
1428,32,島根県,32505,吉賀町,島根県鹿足郡吉賀町
1429,32,島根県,32525,海士町,島根県隠岐郡海士町
1430,32,島根県,32526,西ノ島町,島根県隠岐郡西ノ島町
1431,32,島根県,32527,知夫村,島根県隠岐郡知夫村
1432,32,島根県,32528,隠岐の島町,島根県隠岐郡隠岐の島町
1433,33,岡山県,33101,北区,岡山県岡山市北区
1434,33,岡山県,33102,中区,岡山県岡山市中区
1435,33,岡山県,33103,東区,岡山県岡山市東区
1436,33,岡山県,33104,南区,岡山県岡山市南区
1437,33,岡山県,33202,倉敷市,岡山県倉敷市
1438,33,岡山県,33203,津山市,岡山県津山市
1439,33,岡山県,33204,玉野市,岡山県玉野市
1440,33,岡山県,33205,笠岡市,岡山県笠岡市
1441,33,岡山県,33207,井原市,岡山県井原市
1442,33,岡山県,33208,総社市,岡山県総社市
1443,33,岡山県,33209,高梁市,岡山県高梁市
1444,33,岡山県,33210,新見市,岡山県新見市
1445,33,岡山県,33211,備前市,岡山県備前市
1446,33,岡山県,33212,瀬戸内市,岡山県瀬戸内市
1447,33,岡山県,33213,赤磐市,岡山県赤磐市
1448,33,岡山県,33214,真庭市,岡山県真庭市
1449,33,岡山県,33215,美作市,岡山県美作市
1450,33,岡山県,33216,浅口市,岡山県浅口市
1451,33,岡山県,33346,和気町,岡山県和気郡和気町
1452,33,岡山県,33423,早島町,岡山県都窪郡早島町
1453,33,岡山県,33445,里庄町,岡山県浅口郡里庄町
1454,33,岡山県,33461,矢掛町,岡山県小田郡矢掛町
1455,33,岡山県,33586,新庄村,岡山県真庭郡新庄村
1456,33,岡山県,33606,鏡野町,岡山県苫田郡鏡野町
1457,33,岡山県,33622,勝央町,岡山県勝田郡勝央町
1458,33,岡山県,33623,奈義町,岡山県勝田郡奈義町
1459,33,岡山県,33643,西粟倉村,岡山県英田郡西粟倉村
1460,33,岡山県,33663,久米南町,岡山県久米郡久米南町
1461,33,岡山県,33666,美咲町,岡山県久米郡美咲町
1462,33,岡山県,33681,吉備中央町,岡山県加賀郡吉備中央町
1463,34,広島県,34101,中区,広島県広島市中区
1464,34,広島県,34102,東区,広島県広島市東区
1465,34,広島県,34103,南区,広島県広島市南区
1466,34,広島県,34104,西区,広島県広島市西区
1467,34,広島県,34105,安佐南区,広島県広島市安佐南区
1468,34,広島県,34106,安佐北区,広島県広島市安佐北区
1469,34,広島県,34107,安芸区,広島県広島市安芸区
1470,34,広島県,34108,佐伯区,広島県広島市佐伯区
1471,34,広島県,34202,呉市,広島県呉市
1472,34,広島県,34203,竹原市,広島県竹原市
1473,34,広島県,34204,三原市,広島県三原市
1474,34,広島県,34205,尾道市,広島県尾道市
1475,34,広島県,34207,福山市,広島県福山市
1476,34,広島県,34208,府中市,広島県府中市
1477,34,広島県,34209,三次市,広島県三次市
1478,34,広島県,34210,庄原市,広島県庄原市
1479,34,広島県,34211,大竹市,広島県大竹市
1480,34,広島県,34212,東広島市,広島県東広島市
1481,34,広島県,34213,廿日市市,広島県廿日市市
1482,34,広島県,34214,安芸高田市,広島県安芸高田市
1483,34,広島県,34215,江田島市,広島県江田島市
1484,34,広島県,34302,府中町,広島県安芸郡府中町
1485,34,広島県,34304,海田町,広島県安芸郡海田町
1486,34,広島県,34307,熊野町,広島県安芸郡熊野町
1487,34,広島県,34309,坂町,広島県安芸郡坂町
1488,34,広島県,34368,安芸太田町,広島県山県郡安芸太田町
1489,34,広島県,34369,北広島町,広島県山県郡北広島町
1490,34,広島県,34431,大崎上島町,広島県豊田郡大崎上島町
1491,34,広島県,34462,世羅町,広島県世羅郡世羅町
1492,34,広島県,34545,神石高原町,広島県神石郡神石高原町
1493,35,山口県,35201,下関市,山口県下関市
1494,35,山口県,35202,宇部市,山口県宇部市
1495,35,山口県,35203,山口市,山口県山口市
1496,35,山口県,35204,萩市,山口県萩市
1497,35,山口県,35206,防府市,山口県防府市
1498,35,山口県,35207,下松市,山口県下松市
1499,35,山口県,35208,岩国市,山口県岩国市
1500,35,山口県,35210,光市,山口県光市
1501,35,山口県,35211,長門市,山口県長門市
1502,35,山口県,35212,柳井市,山口県柳井市
1503,35,山口県,35213,美祢市,山口県美祢市
1504,35,山口県,35215,周南市,山口県周南市
1505,35,山口県,35216,山陽小野田市,山口県山陽小野田市
1506,35,山口県,35305,周防大島町,山口県大島郡周防大島町
1507,35,山口県,35321,和木町,山口県玖珂郡和木町
1508,35,山口県,35341,上関町,山口県熊毛郡上関町
1509,35,山口県,35343,田布施町,山口県熊毛郡田布施町
1510,35,山口県,35344,平生町,山口県熊毛郡平生町
1511,35,山口県,35502,阿武町,山口県阿武郡阿武町
1512,36,徳島県,36201,徳島市,徳島県徳島市
1513,36,徳島県,36202,鳴門市,徳島県鳴門市
1514,36,徳島県,36203,小松島市,徳島県小松島市
1515,36,徳島県,36204,阿南市,徳島県阿南市
1516,36,徳島県,36205,吉野川市,徳島県吉野川市
1517,36,徳島県,36206,阿波市,徳島県阿波市
1518,36,徳島県,36207,美馬市,徳島県美馬市
1519,36,徳島県,36208,三好市,徳島県三好市
1520,36,徳島県,36301,勝浦町,徳島県勝浦郡勝浦町
1521,36,徳島県,36302,上勝町,徳島県勝浦郡上勝町
1522,36,徳島県,36321,佐那河内村,徳島県名東郡佐那河内村
1523,36,徳島県,36341,石井町,徳島県名西郡石井町
1524,36,徳島県,36342,神山町,徳島県名西郡神山町
1525,36,徳島県,36368,那賀町,徳島県那賀郡那賀町
1526,36,徳島県,36383,牟岐町,徳島県海部郡牟岐町
1527,36,徳島県,36387,美波町,徳島県海部郡美波町
1528,36,徳島県,36388,海陽町,徳島県海部郡海陽町
1529,36,徳島県,36401,松茂町,徳島県板野郡松茂町
1530,36,徳島県,36402,北島町,徳島県板野郡北島町
1531,36,徳島県,36403,藍住町,徳島県板野郡藍住町
1532,36,徳島県,36404,板野町,徳島県板野郡板野町
1533,36,徳島県,36405,上板町,徳島県板野郡上板町
1534,36,徳島県,36468,つるぎ町,徳島県美馬郡つるぎ町
1535,36,徳島県,36489,東みよし町,徳島県三好郡東みよし町
1536,37,香川県,37201,高松市,香川県高松市
1537,37,香川県,37202,丸亀市,香川県丸亀市
1538,37,香川県,37203,坂出市,香川県坂出市
1539,37,香川県,37204,善通寺市,香川県善通寺市
1540,37,香川県,37205,観音寺市,香川県観音寺市
1541,37,香川県,37206,さぬき市,香川県さぬき市
1542,37,香川県,37207,東かがわ市,香川県東かがわ市
1543,37,香川県,37208,三豊市,香川県三豊市
1544,37,香川県,37322,土庄町,香川県小豆郡土庄町
1545,37,香川県,37324,小豆島町,香川県小豆郡小豆島町
1546,37,香川県,37341,三木町,香川県木田郡三木町
1547,37,香川県,37364,直島町,香川県香川郡直島町
1548,37,香川県,37386,宇多津町,香川県綾歌郡宇多津町
1549,37,香川県,37387,綾川町,香川県綾歌郡綾川町
1550,37,香川県,37403,琴平町,香川県仲多度郡琴平町
1551,37,香川県,37404,多度津町,香川県仲多度郡多度津町
1552,37,香川県,37406,まんのう町,香川県仲多度郡まんのう町
1553,38,愛媛県,38201,松山市,愛媛県松山市
1554,38,愛媛県,38202,今治市,愛媛県今治市
1555,38,愛媛県,38203,宇和島市,愛媛県宇和島市
1556,38,愛媛県,38204,八幡浜市,愛媛県八幡浜市
1557,38,愛媛県,38205,新居浜市,愛媛県新居浜市
1558,38,愛媛県,38206,西条市,愛媛県西条市
1559,38,愛媛県,38207,大洲市,愛媛県大洲市
1560,38,愛媛県,38210,伊予市,愛媛県伊予市
1561,38,愛媛県,38213,四国中央市,愛媛県四国中央市
1562,38,愛媛県,38214,西予市,愛媛県西予市
1563,38,愛媛県,38215,東温市,愛媛県東温市
1564,38,愛媛県,38356,上島町,愛媛県越智郡上島町
1565,38,愛媛県,38386,久万高原町,愛媛県上浮穴郡久万高原町
1566,38,愛媛県,38401,松前町,愛媛県伊予郡松前町
1567,38,愛媛県,38402,砥部町,愛媛県伊予郡砥部町
1568,38,愛媛県,38422,内子町,愛媛県喜多郡内子町
1569,38,愛媛県,38442,伊方町,愛媛県西宇和郡伊方町
1570,38,愛媛県,38484,松野町,愛媛県北宇和郡松野町
1571,38,愛媛県,38488,鬼北町,愛媛県北宇和郡鬼北町
1572,38,愛媛県,38506,愛南町,愛媛県南宇和郡愛南町
1573,39,高知県,39201,高知市,高知県高知市
1574,39,高知県,39202,室戸市,高知県室戸市
1575,39,高知県,39203,安芸市,高知県安芸市
1576,39,高知県,39204,南国市,高知県南国市
1577,39,高知県,39205,土佐市,高知県土佐市
1578,39,高知県,39206,須崎市,高知県須崎市
1579,39,高知県,39208,宿毛市,高知県宿毛市
1580,39,高知県,39209,土佐清水市,高知県土佐清水市
1581,39,高知県,39210,四万十市,高知県四万十市
1582,39,高知県,39211,香南市,高知県香南市
1583,39,高知県,39212,香美市,高知県香美市
1584,39,高知県,39301,東洋町,高知県安芸郡東洋町
1585,39,高知県,39302,奈半利町,高知県安芸郡奈半利町
1586,39,高知県,39303,田野町,高知県安芸郡田野町
1587,39,高知県,39304,安田町,高知県安芸郡安田町
1588,39,高知県,39305,北川村,高知県安芸郡北川村
1589,39,高知県,39306,馬路村,高知県安芸郡馬路村
1590,39,高知県,39307,芸西村,高知県安芸郡芸西村
1591,39,高知県,39341,本山町,高知県長岡郡本山町
1592,39,高知県,39344,大豊町,高知県長岡郡大豊町
1593,39,高知県,39363,土佐町,高知県土佐郡土佐町
1594,39,高知県,39364,大川村,高知県土佐郡大川村
1595,39,高知県,39386,いの町,高知県吾川郡いの町
1596,39,高知県,39387,仁淀川町,高知県吾川郡仁淀川町
1597,39,高知県,39401,中土佐町,高知県高岡郡中土佐町
1598,39,高知県,39402,佐川町,高知県高岡郡佐川町
1599,39,高知県,39403,越知町,高知県高岡郡越知町
1600,39,高知県,39405,檮原町,高知県高岡郡檮原町
1601,39,高知県,39410,日高村,高知県高岡郡日高村
1602,39,高知県,39411,津野町,高知県高岡郡津野町
1603,39,高知県,39412,四万十町,高知県高岡郡四万十町
1604,39,高知県,39424,大月町,高知県幡多郡大月町
1605,39,高知県,39427,三原村,高知県幡多郡三原村
1606,39,高知県,39428,黒潮町,高知県幡多郡黒潮町
1607,40,福岡県,40101,門司区,福岡県北九州市門司区
1608,40,福岡県,40103,若松区,福岡県北九州市若松区
1609,40,福岡県,40105,戸畑区,福岡県北九州市戸畑区
1610,40,福岡県,40106,小倉北区,福岡県北九州市小倉北区
1611,40,福岡県,40107,小倉南区,福岡県北九州市小倉南区
1612,40,福岡県,40108,八幡東区,福岡県北九州市八幡東区
1613,40,福岡県,40109,八幡西区,福岡県北九州市八幡西区
1614,40,福岡県,40131,東区,福岡県福岡市東区
1615,40,福岡県,40132,博多区,福岡県福岡市博多区
1616,40,福岡県,40133,中央区,福岡県福岡市中央区
1617,40,福岡県,40134,南区,福岡県福岡市南区
1618,40,福岡県,40135,西区,福岡県福岡市西区
1619,40,福岡県,40136,城南区,福岡県福岡市城南区
1620,40,福岡県,40137,早良区,福岡県福岡市早良区
1621,40,福岡県,40202,大牟田市,福岡県大牟田市
1622,40,福岡県,40203,久留米市,福岡県久留米市
1623,40,福岡県,40204,直方市,福岡県直方市
1624,40,福岡県,40205,飯塚市,福岡県飯塚市
1625,40,福岡県,40206,田川市,福岡県田川市
1626,40,福岡県,40207,柳川市,福岡県柳川市
1627,40,福岡県,40210,八女市,福岡県八女市
1628,40,福岡県,40211,筑後市,福岡県筑後市
1629,40,福岡県,40212,大川市,福岡県大川市
1630,40,福岡県,40213,行橋市,福岡県行橋市
1631,40,福岡県,40214,豊前市,福岡県豊前市
1632,40,福岡県,40215,中間市,福岡県中間市
1633,40,福岡県,40216,小郡市,福岡県小郡市
1634,40,福岡県,40217,筑紫野市,福岡県筑紫野市
1635,40,福岡県,40218,春日市,福岡県春日市
1636,40,福岡県,40219,大野城市,福岡県大野城市
1637,40,福岡県,40220,宗像市,福岡県宗像市
1638,40,福岡県,40221,太宰府市,福岡県太宰府市
1639,40,福岡県,40223,古賀市,福岡県古賀市
1640,40,福岡県,40224,福津市,福岡県福津市
1641,40,福岡県,40225,うきは市,福岡県うきは市
1642,40,福岡県,40226,宮若市,福岡県宮若市
1643,40,福岡県,40227,嘉麻市,福岡県嘉麻市
1644,40,福岡県,40228,朝倉市,福岡県朝倉市
1645,40,福岡県,40229,みやま市,福岡県みやま市
1646,40,福岡県,40230,糸島市,福岡県糸島市
1647,40,福岡県,40305,那珂川町,福岡県筑紫郡那珂川町
1648,40,福岡県,40341,宇美町,福岡県糟屋郡宇美町
1649,40,福岡県,40342,篠栗町,福岡県糟屋郡篠栗町
1650,40,福岡県,40343,志免町,福岡県糟屋郡志免町
1651,40,福岡県,40344,須惠町,福岡県糟屋郡須惠町
1652,40,福岡県,40345,新宮町,福岡県糟屋郡新宮町
1653,40,福岡県,40348,久山町,福岡県糟屋郡久山町
1654,40,福岡県,40349,粕屋町,福岡県糟屋郡粕屋町
1655,40,福岡県,40381,芦屋町,福岡県遠賀郡芦屋町
1656,40,福岡県,40382,水巻町,福岡県遠賀郡水巻町
1657,40,福岡県,40383,岡垣町,福岡県遠賀郡岡垣町
1658,40,福岡県,40384,遠賀町,福岡県遠賀郡遠賀町
1659,40,福岡県,40401,小竹町,福岡県鞍手郡小竹町
1660,40,福岡県,40402,鞍手町,福岡県鞍手郡鞍手町
1661,40,福岡県,40421,桂川町,福岡県嘉穂郡桂川町
1662,40,福岡県,40447,筑前町,福岡県朝倉郡筑前町
1663,40,福岡県,40448,東峰村,福岡県朝倉郡東峰村
1664,40,福岡県,40503,大刀洗町,福岡県三井郡大刀洗町
1665,40,福岡県,40522,大木町,福岡県三潴郡大木町
1666,40,福岡県,40544,広川町,福岡県八女郡広川町
1667,40,福岡県,40601,香春町,福岡県田川郡香春町
1668,40,福岡県,40602,添田町,福岡県田川郡添田町
1669,40,福岡県,40604,糸田町,福岡県田川郡糸田町
1670,40,福岡県,40605,川崎町,福岡県田川郡川崎町
1671,40,福岡県,40608,大任町,福岡県田川郡大任町
1672,40,福岡県,40609,赤村,福岡県田川郡赤村
1673,40,福岡県,40610,福智町,福岡県田川郡福智町
1674,40,福岡県,40621,苅田町,福岡県京都郡苅田町
1675,40,福岡県,40625,みやこ町,福岡県京都郡みやこ町
1676,40,福岡県,40642,吉富町,福岡県築上郡吉富町
1677,40,福岡県,40646,上毛町,福岡県築上郡上毛町
1678,40,福岡県,40647,築上町,福岡県築上郡築上町
1679,41,佐賀県,41201,佐賀市,佐賀県佐賀市
1680,41,佐賀県,41202,唐津市,佐賀県唐津市
1681,41,佐賀県,41203,鳥栖市,佐賀県鳥栖市
1682,41,佐賀県,41204,多久市,佐賀県多久市
1683,41,佐賀県,41205,伊万里市,佐賀県伊万里市
1684,41,佐賀県,41206,武雄市,佐賀県武雄市
1685,41,佐賀県,41207,鹿島市,佐賀県鹿島市
1686,41,佐賀県,41208,小城市,佐賀県小城市
1687,41,佐賀県,41209,嬉野市,佐賀県嬉野市
1688,41,佐賀県,41210,神埼市,佐賀県神埼市
1689,41,佐賀県,41327,吉野ヶ里町,佐賀県神埼郡吉野ヶ里町
1690,41,佐賀県,41341,基山町,佐賀県三養基郡基山町
1691,41,佐賀県,41345,上峰町,佐賀県三養基郡上峰町
1692,41,佐賀県,41346,みやき町,佐賀県三養基郡みやき町
1693,41,佐賀県,41387,玄海町,佐賀県東松浦郡玄海町
1694,41,佐賀県,41401,有田町,佐賀県西松浦郡有田町
1695,41,佐賀県,41423,大町町,佐賀県杵島郡大町町
1696,41,佐賀県,41424,江北町,佐賀県杵島郡江北町
1697,41,佐賀県,41425,白石町,佐賀県杵島郡白石町
1698,41,佐賀県,41441,太良町,佐賀県藤津郡太良町
1699,42,長崎県,42201,長崎市,長崎県長崎市
1700,42,長崎県,42202,佐世保市,長崎県佐世保市
1701,42,長崎県,42203,島原市,長崎県島原市
1702,42,長崎県,42204,諫早市,長崎県諫早市
1703,42,長崎県,42205,大村市,長崎県大村市
1704,42,長崎県,42207,平戸市,長崎県平戸市
1705,42,長崎県,42208,松浦市,長崎県松浦市
1706,42,長崎県,42209,対馬市,長崎県対馬市
1707,42,長崎県,42210,壱岐市,長崎県壱岐市
1708,42,長崎県,42211,五島市,長崎県五島市
1709,42,長崎県,42212,西海市,長崎県西海市
1710,42,長崎県,42213,雲仙市,長崎県雲仙市
1711,42,長崎県,42214,南島原市,長崎県南島原市
1712,42,長崎県,42307,長与町,長崎県西彼杵郡長与町
1713,42,長崎県,42308,時津町,長崎県西彼杵郡時津町
1714,42,長崎県,42321,東彼杵町,長崎県東彼杵郡東彼杵町
1715,42,長崎県,42322,川棚町,長崎県東彼杵郡川棚町
1716,42,長崎県,42323,波佐見町,長崎県東彼杵郡波佐見町
1717,42,長崎県,42383,小値賀町,長崎県北松浦郡小値賀町
1718,42,長崎県,42391,佐々町,長崎県北松浦郡佐々町
1719,42,長崎県,42411,新上五島町,長崎県南松浦郡新上五島町
1720,43,熊本県,43101,中央区,熊本県熊本市中央区
1721,43,熊本県,43102,東区,熊本県熊本市東区
1722,43,熊本県,43103,西区,熊本県熊本市西区
1723,43,熊本県,43104,南区,熊本県熊本市南区
1724,43,熊本県,43105,北区,熊本県熊本市北区
1725,43,熊本県,43202,八代市,熊本県八代市
1726,43,熊本県,43203,人吉市,熊本県人吉市
1727,43,熊本県,43204,荒尾市,熊本県荒尾市
1728,43,熊本県,43205,水俣市,熊本県水俣市
1729,43,熊本県,43206,玉名市,熊本県玉名市
1730,43,熊本県,43208,山鹿市,熊本県山鹿市
1731,43,熊本県,43210,菊池市,熊本県菊池市
1732,43,熊本県,43211,宇土市,熊本県宇土市
1733,43,熊本県,43212,上天草市,熊本県上天草市
1734,43,熊本県,43213,宇城市,熊本県宇城市
1735,43,熊本県,43214,阿蘇市,熊本県阿蘇市
1736,43,熊本県,43215,天草市,熊本県天草市
1737,43,熊本県,43216,合志市,熊本県合志市
1738,43,熊本県,43348,美里町,熊本県下益城郡美里町
1739,43,熊本県,43364,玉東町,熊本県玉名郡玉東町
1740,43,熊本県,43367,南関町,熊本県玉名郡南関町
1741,43,熊本県,43368,長洲町,熊本県玉名郡長洲町
1742,43,熊本県,43369,和水町,熊本県玉名郡和水町
1743,43,熊本県,43403,大津町,熊本県菊池郡大津町
1744,43,熊本県,43404,菊陽町,熊本県菊池郡菊陽町
1745,43,熊本県,43423,南小国町,熊本県阿蘇郡南小国町
1746,43,熊本県,43424,小国町,熊本県阿蘇郡小国町
1747,43,熊本県,43425,産山村,熊本県阿蘇郡産山村
1748,43,熊本県,43428,高森町,熊本県阿蘇郡高森町
1749,43,熊本県,43432,西原村,熊本県阿蘇郡西原村
1750,43,熊本県,43433,南阿蘇村,熊本県阿蘇郡南阿蘇村
1751,43,熊本県,43441,御船町,熊本県上益城郡御船町
1752,43,熊本県,43442,嘉島町,熊本県上益城郡嘉島町
1753,43,熊本県,43443,益城町,熊本県上益城郡益城町
1754,43,熊本県,43444,甲佐町,熊本県上益城郡甲佐町
1755,43,熊本県,43447,山都町,熊本県上益城郡山都町
1756,43,熊本県,43468,氷川町,熊本県八代郡氷川町
1757,43,熊本県,43482,芦北町,熊本県葦北郡芦北町
1758,43,熊本県,43484,津奈木町,熊本県葦北郡津奈木町
1759,43,熊本県,43501,錦町,熊本県球磨郡錦町
1760,43,熊本県,43505,多良木町,熊本県球磨郡多良木町
1761,43,熊本県,43506,湯前町,熊本県球磨郡湯前町
1762,43,熊本県,43507,水上村,熊本県球磨郡水上村
1763,43,熊本県,43510,相良村,熊本県球磨郡相良村
1764,43,熊本県,43511,五木村,熊本県球磨郡五木村
1765,43,熊本県,43512,山江村,熊本県球磨郡山江村
1766,43,熊本県,43513,球磨村,熊本県球磨郡球磨村
1767,43,熊本県,43514,あさぎり町,熊本県球磨郡あさぎり町
1768,43,熊本県,43531,苓北町,熊本県天草郡苓北町
1769,44,大分県,44201,大分市,大分県大分市
1770,44,大分県,44202,別府市,大分県別府市
1771,44,大分県,44203,中津市,大分県中津市
1772,44,大分県,44204,日田市,大分県日田市
1773,44,大分県,44205,佐伯市,大分県佐伯市
1774,44,大分県,44206,臼杵市,大分県臼杵市
1775,44,大分県,44207,津久見市,大分県津久見市
1776,44,大分県,44208,竹田市,大分県竹田市
1777,44,大分県,44209,豊後高田市,大分県豊後高田市
1778,44,大分県,44210,杵築市,大分県杵築市
1779,44,大分県,44211,宇佐市,大分県宇佐市
1780,44,大分県,44212,豊後大野市,大分県豊後大野市
1781,44,大分県,44213,由布市,大分県由布市
1782,44,大分県,44214,国東市,大分県国東市
1783,44,大分県,44322,姫島村,大分県東国東郡姫島村
1784,44,大分県,44341,日出町,大分県速見郡日出町
1785,44,大分県,44461,九重町,大分県玖珠郡九重町
1786,44,大分県,44462,玖珠町,大分県玖珠郡玖珠町
1787,45,宮崎県,45201,宮崎市,宮崎県宮崎市
1788,45,宮崎県,45202,都城市,宮崎県都城市
1789,45,宮崎県,45203,延岡市,宮崎県延岡市
1790,45,宮崎県,45204,日南市,宮崎県日南市
1791,45,宮崎県,45205,小林市,宮崎県小林市
1792,45,宮崎県,45206,日向市,宮崎県日向市
1793,45,宮崎県,45207,串間市,宮崎県串間市
1794,45,宮崎県,45208,西都市,宮崎県西都市
1795,45,宮崎県,45209,えびの市,宮崎県えびの市
1796,45,宮崎県,45341,三股町,宮崎県北諸県郡三股町
1797,45,宮崎県,45361,高原町,宮崎県西諸県郡高原町
1798,45,宮崎県,45382,国富町,宮崎県東諸県郡国富町
1799,45,宮崎県,45383,綾町,宮崎県東諸県郡綾町
1800,45,宮崎県,45401,高鍋町,宮崎県児湯郡高鍋町
1801,45,宮崎県,45402,新富町,宮崎県児湯郡新富町
1802,45,宮崎県,45403,西米良村,宮崎県児湯郡西米良村
1803,45,宮崎県,45404,木城町,宮崎県児湯郡木城町
1804,45,宮崎県,45405,川南町,宮崎県児湯郡川南町
1805,45,宮崎県,45406,都農町,宮崎県児湯郡都農町
1806,45,宮崎県,45421,門川町,宮崎県東臼杵郡門川町
1807,45,宮崎県,45429,諸塚村,宮崎県東臼杵郡諸塚村
1808,45,宮崎県,45430,椎葉村,宮崎県東臼杵郡椎葉村
1809,45,宮崎県,45431,美郷町,宮崎県東臼杵郡美郷町
1810,45,宮崎県,45441,高千穂町,宮崎県西臼杵郡高千穂町
1811,45,宮崎県,45442,日之影町,宮崎県西臼杵郡日之影町
1812,45,宮崎県,45443,五ヶ瀬町,宮崎県西臼杵郡五ヶ瀬町
1813,46,鹿児島県,46201,鹿児島市,鹿児島県鹿児島市
1814,46,鹿児島県,46203,鹿屋市,鹿児島県鹿屋市
1815,46,鹿児島県,46204,枕崎市,鹿児島県枕崎市
1816,46,鹿児島県,46206,阿久根市,鹿児島県阿久根市
1817,46,鹿児島県,46208,出水市,鹿児島県出水市
1818,46,鹿児島県,46210,指宿市,鹿児島県指宿市
1819,46,鹿児島県,46213,西之表市,鹿児島県西之表市
1820,46,鹿児島県,46214,垂水市,鹿児島県垂水市
1821,46,鹿児島県,46215,薩摩川内市,鹿児島県薩摩川内市
1822,46,鹿児島県,46216,日置市,鹿児島県日置市
1823,46,鹿児島県,46217,曽於市,鹿児島県曽於市
1824,46,鹿児島県,46218,霧島市,鹿児島県霧島市
1825,46,鹿児島県,46219,いちき串木野市,鹿児島県いちき串木野市
1826,46,鹿児島県,46220,南さつま市,鹿児島県南さつま市
1827,46,鹿児島県,46221,志布志市,鹿児島県志布志市
1828,46,鹿児島県,46222,奄美市,鹿児島県奄美市
1829,46,鹿児島県,46223,南九州市,鹿児島県南九州市
1830,46,鹿児島県,46224,伊佐市,鹿児島県伊佐市
1831,46,鹿児島県,46225,姶良市,鹿児島県姶良市
1832,46,鹿児島県,46303,三島村,鹿児島県鹿児島郡三島村
1833,46,鹿児島県,46304,十島村,鹿児島県鹿児島郡十島村
1834,46,鹿児島県,46392,さつま町,鹿児島県薩摩郡さつま町
1835,46,鹿児島県,46404,長島町,鹿児島県出水郡長島町
1836,46,鹿児島県,46452,湧水町,鹿児島県姶良郡湧水町
1837,46,鹿児島県,46468,大崎町,鹿児島県曽於郡大崎町
1838,46,鹿児島県,46482,東串良町,鹿児島県肝属郡東串良町
1839,46,鹿児島県,46490,錦江町,鹿児島県肝属郡錦江町
1840,46,鹿児島県,46491,南大隅町,鹿児島県肝属郡南大隅町
1841,46,鹿児島県,46492,肝付町,鹿児島県肝属郡肝付町
1842,46,鹿児島県,46501,中種子町,鹿児島県熊毛郡中種子町
1843,46,鹿児島県,46502,南種子町,鹿児島県熊毛郡南種子町
1844,46,鹿児島県,46505,屋久島町,鹿児島県熊毛郡屋久島町
1845,46,鹿児島県,46523,大和村,鹿児島県大島郡大和村
1846,46,鹿児島県,46524,宇検村,鹿児島県大島郡宇検村
1847,46,鹿児島県,46525,瀬戸内町,鹿児島県大島郡瀬戸内町
1848,46,鹿児島県,46527,龍郷町,鹿児島県大島郡龍郷町
1849,46,鹿児島県,46529,喜界町,鹿児島県大島郡喜界町
1850,46,鹿児島県,46530,徳之島町,鹿児島県大島郡徳之島町
1851,46,鹿児島県,46531,天城町,鹿児島県大島郡天城町
1852,46,鹿児島県,46532,伊仙町,鹿児島県大島郡伊仙町
1853,46,鹿児島県,46533,和泊町,鹿児島県大島郡和泊町
1854,46,鹿児島県,46534,知名町,鹿児島県大島郡知名町
1855,46,鹿児島県,46535,与論町,鹿児島県大島郡与論町
1856,47,沖縄県,47201,那覇市,沖縄県那覇市
1857,47,沖縄県,47205,宜野湾市,沖縄県宜野湾市
1858,47,沖縄県,47207,石垣市,沖縄県石垣市
1859,47,沖縄県,47208,浦添市,沖縄県浦添市
1860,47,沖縄県,47209,名護市,沖縄県名護市
1861,47,沖縄県,47210,糸満市,沖縄県糸満市
1862,47,沖縄県,47211,沖縄市,沖縄県沖縄市
1863,47,沖縄県,47212,豊見城市,沖縄県豊見城市
1864,47,沖縄県,47213,うるま市,沖縄県うるま市
1865,47,沖縄県,47214,宮古島市,沖縄県宮古島市
1866,47,沖縄県,47215,南城市,沖縄県南城市
1867,47,沖縄県,47301,国頭村,沖縄県国頭郡国頭村
1868,47,沖縄県,47302,大宜味村,沖縄県国頭郡大宜味村
1869,47,沖縄県,47303,東村,沖縄県国頭郡東村
1870,47,沖縄県,47306,今帰仁村,沖縄県国頭郡今帰仁村
1871,47,沖縄県,47308,本部町,沖縄県国頭郡本部町
1872,47,沖縄県,47311,恩納村,沖縄県国頭郡恩納村
1873,47,沖縄県,47313,宜野座村,沖縄県国頭郡宜野座村
1874,47,沖縄県,47314,金武町,沖縄県国頭郡金武町
1875,47,沖縄県,47315,伊江村,沖縄県国頭郡伊江村
1876,47,沖縄県,47324,読谷村,沖縄県中頭郡読谷村
1877,47,沖縄県,47325,嘉手納町,沖縄県中頭郡嘉手納町
1878,47,沖縄県,47326,北谷町,沖縄県中頭郡北谷町
1879,47,沖縄県,47327,北中城村,沖縄県中頭郡北中城村
1880,47,沖縄県,47328,中城村,沖縄県中頭郡中城村
1881,47,沖縄県,47329,西原町,沖縄県中頭郡西原町
1882,47,沖縄県,47348,与那原町,沖縄県島尻郡与那原町
1883,47,沖縄県,47350,南風原町,沖縄県島尻郡南風原町
1884,47,沖縄県,47353,渡嘉敷村,沖縄県島尻郡渡嘉敷村
1885,47,沖縄県,47354,座間味村,沖縄県島尻郡座間味村
1886,47,沖縄県,47355,粟国村,沖縄県島尻郡粟国村
1887,47,沖縄県,47356,渡名喜村,沖縄県島尻郡渡名喜村
1888,47,沖縄県,47357,南大東村,沖縄県島尻郡南大東村
1889,47,沖縄県,47358,北大東村,沖縄県島尻郡北大東村
1890,47,沖縄県,47359,伊平屋村,沖縄県島尻郡伊平屋村
1891,47,沖縄県,47360,伊是名村,沖縄県島尻郡伊是名村
1892,47,沖縄県,47361,久米島町,沖縄県島尻郡久米島町
1893,47,沖縄県,47362,八重瀬町,沖縄県島尻郡八重瀬町
1894,47,沖縄県,47375,多良間村,沖縄県宮古郡多良間村
1895,47,沖縄県,47381,竹富町,沖縄県八重山郡竹富町
1896,47,沖縄県,47382,与那国町,沖縄県八重山郡与那国町
